"record_type"	"stage"	"fixture"	"engine"	"coefficient"	"coefficient_value"	"oracle_direction"	"expected_direction"	"rank_status"	"detector_class"	"expected_class"	"status"	"detail"	"retained_rows"	"design_columns"	"trials_sum"	"positive_weight_sum"	"offset_summary"	"logLik"	"objective"	"convergence"	"optimizer_message"	"max_abs_gradient"	"pdHess"	"warnings"	"error"
"gate"	"binomial"	"smoke_overlap"	"detectseparation"	"smoke"	"finite_nonempty"	"finite"	"finite"	"full_rank"	"none"	"none"	"PASS"	"finite, non-empty maintained-detector output"	6	2	6	6	"none"							""	
"gate"	"binomial"	"symbolic_ray"	"symbolic"	"displayed_complete"				"full_rank"			"PASS"														
"gate"	"binomial"	"symbolic_ray"	"symbolic"	"displayed_quasi"				"full_rank"			"PASS"														
"gate"	"binomial"	"symbolic_ray"	"symbolic"	"displayed_finite"				"full_rank"			"PASS"														
"gate"	"binomial"	"symbolic_ray"	"symbolic"	"complete_ray"				"full_rank"			"PASS"														
"gate"	"binomial"	"symbolic_ray"	"symbolic"	"quasi_ray"				"full_rank"			"PASS"														
"gate"	"binomial"	"symbolic_ray"	"symbolic"	"finite_no_ray"				"full_rank"			"PASS"														
"gate"	"binomial"	"symbolic_ray"	"symbolic"	"grouped_expanded_ray"				"full_rank"			"PASS"														
"gate"	"binomial_core"	"mu_overlap"	"detectseparation"	"classification"	"none"		"none"	"full_rank"	"none"	"none"	"PASS"		6	2	6	6	"none"							""	
"gate"	"binomial_core"	"mu_overlap"	"detectseparation"	"(Intercept)"	"0"	"finite"	"finite"	"full_rank"	"none"	"none"	"PASS"		6	2	6	6	"none"							""	
"gate"	"binomial_core"	"mu_overlap"	"detectseparation"	"x"	"0"	"finite"	"finite"	"full_rank"	"none"	"none"	"PASS"		6	2	6	6	"none"							""	
"fit"	"binomial_core"	"mu_overlap"	"glm"	"(Intercept)"	"0.00000000000000003695079256224137"			"full_rank"		"none"	"RECORDED"	"objective values include their native binomial constants"	6	2	6	6	"none"	"-4.158883083359671"	"4.158883083359671"	"TRUE"	"NA"		"NA"	""	
"fit"	"binomial_core"	"mu_overlap"	"glm"	"x"	"0.00000000000000002854973161457118"			"full_rank"		"none"	"RECORDED"	"objective values include their native binomial constants"	6	2	6	6	"none"	"-4.158883083359671"	"4.158883083359671"	"TRUE"	"NA"		"NA"	""	
"fit"	"binomial_core"	"mu_overlap"	"brglm2_mean_bias_reduction"	"(Intercept)"	"-0.0000000000000001218320913700167"			"full_rank"		"none"	"RECORDED"	"objective values include their native binomial constants"	6	2	6	6	"none"	"-4.158883083359671"	"4.158883083359671"	"TRUE"	"NA"		"NA"	""	
"fit"	"binomial_core"	"mu_overlap"	"brglm2_mean_bias_reduction"	"x"	"-0.0000000000000002283634354921809"			"full_rank"		"none"	"RECORDED"	"objective values include their native binomial constants"	6	2	6	6	"none"	"-4.158883083359671"	"4.158883083359671"	"TRUE"	"NA"		"NA"	""	
"fit"	"binomial_core"	"mu_overlap"	"drmTMB_ML"	"(Intercept)"	"0.00000000000000003695079256224137"			"full_rank"		"none"	"RECORDED"	"objective values include their native binomial constants"	6	2	6	6	"none"	"-4.158883083359671"	"4.158883083359671"	"0"	"relative convergence (4)"	"0.00000000000000005551115123125783"	"TRUE"	""	
"fit"	"binomial_core"	"mu_overlap"	"drmTMB_ML"	"x"	"0.00000000000000002854973161457118"			"full_rank"		"none"	"RECORDED"	"objective values include their native binomial constants"	6	2	6	6	"none"	"-4.158883083359671"	"4.158883083359671"	"0"	"relative convergence (4)"	"0.00000000000000005551115123125783"	"TRUE"	""	
"gate"	"binomial_core"	"mu_complete"	"detectseparation"	"classification"	"complete"		"complete"	"full_rank"	"complete"	"complete"	"PASS"		4	2	4	4	"none"							""	
"gate"	"binomial_core"	"mu_complete"	"detectseparation"	"(Intercept)"	"-Inf"	"-Inf"	"finite"	"full_rank"	"complete"	"complete"	"FAIL"		4	2	4	4	"none"							""	
"gate"	"binomial_core"	"mu_complete"	"detectseparation"	"x"	"Inf"	"+Inf"	"+Inf"	"full_rank"	"complete"	"complete"	"PASS"		4	2	4	4	"none"							""	
"fit"	"binomial_core"	"mu_complete"	"glm"	"(Intercept)"	"-0.00000009070647510956756"			"full_rank"		"complete"	"RECORDED"	"objective values include their native binomial constants"	4	2	4	4	"none"	"-0.0000000001783679870470678"	"0.0000000001783679870470678"	"TRUE"	"NA"		"NA"	"glm.fit: fitted probabilities numerically 0 or 1 occurred"	
"fit"	"binomial_core"	"mu_complete"	"glm"	"x"	"23.14032093268450"			"full_rank"		"complete"	"RECORDED"	"objective values include their native binomial constants"	4	2	4	4	"none"	"-0.0000000001783679870470678"	"0.0000000001783679870470678"	"TRUE"	"NA"		"NA"	"glm.fit: fitted probabilities numerically 0 or 1 occurred"	
"fit"	"binomial_core"	"mu_complete"	"brglm2_mean_bias_reduction"	"(Intercept)"	"0.0000000000000002786820963217172"			"full_rank"		"complete"	"RECORDED"	"objective values include their native binomial constants"	4	2	4	4	"none"	"-0.8762527638581639"	"0.8762527638581639"	"TRUE"	"NA"		"NA"	""	
"fit"	"binomial_core"	"mu_complete"	"brglm2_mean_bias_reduction"	"x"	"1.004076956447664"			"full_rank"		"complete"	"RECORDED"	"objective values include their native binomial constants"	4	2	4	4	"none"	"-0.8762527638581639"	"0.8762527638581639"	"TRUE"	"NA"		"NA"	""	
"fit"	"binomial_core"	"mu_complete"	"drmTMB_ML"	"(Intercept)"	"-0.00000009070647509338845"			"full_rank"		"complete"	"RECORDED"	"objective values include their native binomial constants"	4	2	4	4	"none"	"-0.0000000001783677381222102"	"0.0000000001783677381222102"	"0"	"both X-convergence and relative convergence (5)"	"0.0000000001783677381301640"	"TRUE"	""	
"fit"	"binomial_core"	"mu_complete"	"drmTMB_ML"	"x"	"23.14032093286287"			"full_rank"		"complete"	"RECORDED"	"objective values include their native binomial constants"	4	2	4	4	"none"	"-0.0000000001783677381222102"	"0.0000000001783677381222102"	"0"	"both X-convergence and relative convergence (5)"	"0.0000000001783677381301640"	"TRUE"	""	
"gate"	"binomial_core"	"mu_mirrored"	"detectseparation"	"classification"	"complete"		"complete"	"full_rank"	"complete"	"complete"	"PASS"		4	2	4	4	"none"							""	
"gate"	"binomial_core"	"mu_mirrored"	"detectseparation"	"(Intercept)"	"-Inf"	"-Inf"		"full_rank"	"complete"	"complete"	"PASS"		4	2	4	4	"none"							""	
"gate"	"binomial_core"	"mu_mirrored"	"detectseparation"	"x"	"-Inf"	"-Inf"	"-Inf"	"full_rank"	"complete"	"complete"	"PASS"		4	2	4	4	"none"							""	
"fit"	"binomial_core"	"mu_mirrored"	"glm"	"(Intercept)"	"-0.00000009077473894288655"			"full_rank"		"complete"	"RECORDED"	"objective values include their native binomial constants"	4	2	4	4	"none"	"-0.0000000001783679870470678"	"0.0000000001783679870470678"	"TRUE"	"NA"		"NA"	"glm.fit: fitted probabilities numerically 0 or 1 occurred"	
"fit"	"binomial_core"	"mu_mirrored"	"glm"	"x"	"-23.14032093261627"			"full_rank"		"complete"	"RECORDED"	"objective values include their native binomial constants"	4	2	4	4	"none"	"-0.0000000001783679870470678"	"0.0000000001783679870470678"	"TRUE"	"NA"		"NA"	"glm.fit: fitted probabilities numerically 0 or 1 occurred"	
"fit"	"binomial_core"	"mu_mirrored"	"brglm2_mean_bias_reduction"	"(Intercept)"	"0.0000000000000004331956231405630"			"full_rank"		"complete"	"RECORDED"	"objective values include their native binomial constants"	4	2	4	4	"none"	"-0.8762527638581630"	"0.8762527638581630"	"TRUE"	"NA"		"NA"	""	
"fit"	"binomial_core"	"mu_mirrored"	"brglm2_mean_bias_reduction"	"x"	"-1.004076956447665"			"full_rank"		"complete"	"RECORDED"	"objective values include their native binomial constants"	4	2	4	4	"none"	"-0.8762527638581630"	"0.8762527638581630"	"TRUE"	"NA"		"NA"	""	
"fit"	"binomial_core"	"mu_mirrored"	"drmTMB_ML"	"(Intercept)"	"-0.00000009077473892669526"			"full_rank"		"complete"	"RECORDED"	"objective values include their native binomial constants"	4	2	4	4	"none"	"-0.0000000001783677381343809"	"0.0000000001783677381343809"	"0"	"both X-convergence and relative convergence (5)"	"0.0000000001783677381423347"	"TRUE"	""	
"fit"	"binomial_core"	"mu_mirrored"	"drmTMB_ML"	"x"	"-23.14032093279463"			"full_rank"		"complete"	"RECORDED"	"objective values include their native binomial constants"	4	2	4	4	"none"	"-0.0000000001783677381343809"	"0.0000000001783677381343809"	"0"	"both X-convergence and relative convergence (5)"	"0.0000000001783677381423347"	"TRUE"	""	
"gate"	"binomial_core"	"mu_quasi"	"detectseparation"	"classification"	"quasi_complete"		"quasi_complete"	"full_rank"	"quasi_complete"	"quasi_complete"	"PASS"		4	2	4	4	"none"							""	
"gate"	"binomial_core"	"mu_quasi"	"detectseparation"	"(Intercept)"	"0"	"finite"	"finite"	"full_rank"	"quasi_complete"	"quasi_complete"	"PASS"		4	2	4	4	"none"							""	
"gate"	"binomial_core"	"mu_quasi"	"detectseparation"	"x"	"Inf"	"+Inf"	"+Inf"	"full_rank"	"quasi_complete"	"quasi_complete"	"PASS"		4	2	4	4	"none"							""	
"fit"	"binomial_core"	"mu_quasi"	"glm"	"(Intercept)"	"-0.00000000000000009279072499357600"			"full_rank"		"quasi_complete"	"RECORDED"	"objective values include their native binomial constants"	4	2	4	4	"none"	"-1.386294367481901"	"1.386294367481901"	"TRUE"	"NA"		"NA"	""	
"fit"	"binomial_core"	"mu_quasi"	"glm"	"x"	"19.56606851882493"			"full_rank"		"quasi_complete"	"RECORDED"	"objective values include their native binomial constants"	4	2	4	4	"none"	"-1.386294367481901"	"1.386294367481901"	"TRUE"	"NA"		"NA"	""	
"fit"	"binomial_core"	"mu_quasi"	"brglm2_mean_bias_reduction"	"(Intercept)"	"0.0000000000000002684765521773561"			"full_rank"		"quasi_complete"	"RECORDED"	"objective values include their native binomial constants"	4	2	4	4	"none"	"-1.846256646406713"	"1.846256646406713"	"TRUE"	"NA"		"NA"	""	
"fit"	"binomial_core"	"mu_quasi"	"brglm2_mean_bias_reduction"	"x"	"1.352564555893399"			"full_rank"		"quasi_complete"	"RECORDED"	"objective values include their native binomial constants"	4	2	4	4	"none"	"-1.846256646406713"	"1.846256646406713"	"TRUE"	"NA"		"NA"	""	
"fit"	"binomial_core"	"mu_quasi"	"drmTMB_ML"	"(Intercept)"	"-0.00000000000000009279072499357600"			"full_rank"		"quasi_complete"	"RECORDED"	"objective values include their native binomial constants"	4	2	4	4	"none"	"-1.386294367481901"	"1.386294367481901"	"0"	"both X-convergence and relative convergence (5)"	"0.000000006362010829236817"	"TRUE"	""	
"fit"	"binomial_core"	"mu_quasi"	"drmTMB_ML"	"x"	"19.56606851882493"			"full_rank"		"quasi_complete"	"RECORDED"	"objective values include their native binomial constants"	4	2	4	4	"none"	"-1.386294367481901"	"1.386294367481901"	"0"	"both X-convergence and relative convergence (5)"	"0.000000006362010829236817"	"TRUE"	""	
"gate"	"binomial_core"	"mu_intercept_all_success"	"detectseparation"	"classification"	"complete"		"complete"	"full_rank"	"complete"	"complete"	"PASS"		4	1	4	4	"none"							""	
"gate"	"binomial_core"	"mu_intercept_all_success"	"detectseparation"	"(Intercept)"	"Inf"	"+Inf"	"+Inf"	"full_rank"	"complete"	"complete"	"PASS"		4	1	4	4	"none"							""	
"fit"	"binomial_core"	"mu_intercept_all_success"	"glm"	"(Intercept)"	"23.56606833710094"			"full_rank"		"complete"	"RECORDED"	"objective values include their native binomial constants"	4	1	4	4	"none"	"-0.0000000002330486914559060"	"0.0000000002330486914559060"	"TRUE"	"NA"		"NA"	""	
"fit"	"binomial_core"	"mu_intercept_all_success"	"brglm2_mean_bias_reduction"	"(Intercept)"	"2.197224592631794"			"full_rank"		"complete"	"RECORDED"	"objective values include their native binomial constants"	4	1	4	4	"none"	"-0.4214420565130759"	"0.4214420565130759"	"TRUE"	"NA"		"NA"	"brglmFit: algorithm did not converge. Try changing the optimization algorithm defaults, e.g. the defaults for one or more of `maxit`, `epsilon`, `slowit`, and `response_adjustment`; see `?brglm_control` for default values and available options | brglmFit: fitted probabilities numerically 0 or 1 occurred"	
"fit"	"binomial_core"	"mu_intercept_all_success"	"drmTMB_ML"	"(Intercept)"	"23.56606833733398"			"full_rank"		"complete"	"RECORDED"	"objective values include their native binomial constants"	4	1	4	4	"none"	"-0.0000000002330486289397880"	"0.0000000002330486289397880"	"0"	"X-convergence (3)"	"0.0000000002330486289329991"	"TRUE"	""	
"gate"	"binomial_core"	"mu_intercept_all_failure"	"detectseparation"	"classification"	"complete"		"complete"	"full_rank"	"complete"	"complete"	"PASS"		4	1	4	4	"none"							""	
"gate"	"binomial_core"	"mu_intercept_all_failure"	"detectseparation"	"(Intercept)"	"-Inf"	"-Inf"	"-Inf"	"full_rank"	"complete"	"complete"	"PASS"		4	1	4	4	"none"							""	
"fit"	"binomial_core"	"mu_intercept_all_failure"	"glm"	"(Intercept)"	"-23.56606852345074"			"full_rank"		"complete"	"RECORDED"	"objective values include their native binomial constants"	4	1	4	4	"none"	"-0.0000000002330486914559060"	"0.0000000002330486914559060"	"TRUE"	"NA"		"NA"	""	
"fit"	"binomial_core"	"mu_intercept_all_failure"	"brglm2_mean_bias_reduction"	"(Intercept)"	"-2.197224592631794"			"full_rank"		"complete"	"RECORDED"	"objective values include their native binomial constants"	4	1	4	4	"none"	"-0.4214420565130754"	"0.4214420565130754"	"TRUE"	"NA"		"NA"	"brglmFit: algorithm did not converge. Try changing the optimization algorithm defaults, e.g. the defaults for one or more of `maxit`, `epsilon`, `slowit`, and `response_adjustment`; see `?brglm_control` for default values and available options | brglmFit: fitted probabilities numerically 0 or 1 occurred"	
"fit"	"binomial_core"	"mu_intercept_all_failure"	"drmTMB_ML"	"(Intercept)"	"-23.56606852368379"			"full_rank"		"complete"	"RECORDED"	"objective values include their native binomial constants"	4	1	4	4	"none"	"-0.0000000002330485855112256"	"0.0000000002330485855112256"	"0"	"X-convergence (3)"	"0.0000000002330485855044366"	"TRUE"	""	
"gate"	"binomial_core"	"mu_quasi_expanded"	"detectseparation"	"classification"	"quasi_complete"		"quasi_complete"	"full_rank"	"quasi_complete"	"quasi_complete"	"PASS"		6	2	6	6	"none"							""	
"gate"	"binomial_core"	"mu_quasi_expanded"	"detectseparation"	"(Intercept)"	"0"	"finite"	"finite"	"full_rank"	"quasi_complete"	"quasi_complete"	"PASS"		6	2	6	6	"none"							""	
"gate"	"binomial_core"	"mu_quasi_expanded"	"detectseparation"	"x"	"Inf"	"+Inf"	"+Inf"	"full_rank"	"quasi_complete"	"quasi_complete"	"PASS"		6	2	6	6	"none"							""	
"fit"	"binomial_core"	"mu_quasi_expanded"	"glm"	"(Intercept)"	"0.0000000000000003061042722353837"			"full_rank"		"quasi_complete"	"RECORDED"	"objective values include their native binomial constants"	6	2	6	6	"none"	"-1.386294365800797"	"1.386294365800797"	"TRUE"	"NA"		"NA"	""	
"fit"	"binomial_core"	"mu_quasi_expanded"	"glm"	"x"	"20.56606852899102"			"full_rank"		"quasi_complete"	"RECORDED"	"objective values include their native binomial constants"	6	2	6	6	"none"	"-1.386294365800797"	"1.386294365800797"	"TRUE"	"NA"		"NA"	""	
"fit"	"binomial_core"	"mu_quasi_expanded"	"brglm2_mean_bias_reduction"	"(Intercept)"	"-0.0000000000000004838545311723955"			"full_rank"		"quasi_complete"	"RECORDED"	"objective values include their native binomial constants"	6	2	6	6	"none"	"-1.967612502097090"	"1.967612502097090"	"TRUE"	"NA"		"NA"	""	
"fit"	"binomial_core"	"mu_quasi_expanded"	"brglm2_mean_bias_reduction"	"x"	"1.855206817423072"			"full_rank"		"quasi_complete"	"RECORDED"	"objective values include their native binomial constants"	6	2	6	6	"none"	"-1.967612502097090"	"1.967612502097090"	"TRUE"	"NA"		"NA"	""	
"fit"	"binomial_core"	"mu_quasi_expanded"	"drmTMB_ML"	"(Intercept)"	"0.0000000000000003061042722353837"			"full_rank"		"quasi_complete"	"RECORDED"	"objective values include their native binomial constants"	6	2	6	6	"none"	"-1.386294365800797"	"1.386294365800797"	"0"	"both X-convergence and relative convergence (5)"	"0.000000004680905938998348"	"TRUE"	""	
"fit"	"binomial_core"	"mu_quasi_expanded"	"drmTMB_ML"	"x"	"20.56606852899102"			"full_rank"		"quasi_complete"	"RECORDED"	"objective values include their native binomial constants"	6	2	6	6	"none"	"-1.386294365800797"	"1.386294365800797"	"0"	"both X-convergence and relative convergence (5)"	"0.000000004680905938998348"	"TRUE"	""	
"gate"	"binomial_core"	"mu_quasi_grouped"	"detectseparation"	"classification"	"quasi_complete"		"quasi_complete"	"full_rank"	"quasi_complete"	"quasi_complete"	"PASS"		3	2	6	3	"none"							""	
"gate"	"binomial_core"	"mu_quasi_grouped"	"detectseparation"	"(Intercept)"	"0"	"finite"	"finite"	"full_rank"	"quasi_complete"	"quasi_complete"	"PASS"		3	2	6	3	"none"							""	
"gate"	"binomial_core"	"mu_quasi_grouped"	"detectseparation"	"x"	"Inf"	"+Inf"	"+Inf"	"full_rank"	"quasi_complete"	"quasi_complete"	"PASS"		3	2	6	3	"none"							""	
"fit"	"binomial_core"	"mu_quasi_grouped"	"glm"	"(Intercept)"	"-0.00000000000000008541701545645368"			"full_rank"		"quasi_complete"	"RECORDED"	"objective values include their native binomial constants"	3	2	6	3	"none"	"-0.6931471807264327"	"0.6931471807264327"	"TRUE"	"NA"		"NA"	""	
"fit"	"binomial_core"	"mu_quasi_grouped"	"glm"	"x"	"23.90239606292588"			"full_rank"		"quasi_complete"	"RECORDED"	"objective values include their native binomial constants"	3	2	6	3	"none"	"-0.6931471807264327"	"0.6931471807264327"	"TRUE"	"NA"		"NA"	""	
"fit"	"binomial_core"	"mu_quasi_grouped"	"brglm2_mean_bias_reduction"	"(Intercept)"	"0.0000000000000002349349808784647"			"full_rank"		"quasi_complete"	"RECORDED"	"objective values include their native binomial constants"	3	2	6	3	"none"	"-1.274465321537140"	"1.274465321537140"	"TRUE"	"NA"		"NA"	""	
"fit"	"binomial_core"	"mu_quasi_grouped"	"brglm2_mean_bias_reduction"	"x"	"1.855206817423079"			"full_rank"		"quasi_complete"	"RECORDED"	"objective values include their native binomial constants"	3	2	6	3	"none"	"-1.274465321537140"	"1.274465321537140"	"TRUE"	"NA"		"NA"	""	
"fit"	"binomial_core"	"mu_quasi_grouped"	"drmTMB_ML"	"(Intercept)"	"-0.00000000000000002213947779702118"			"full_rank"		"quasi_complete"	"RECORDED"	"objective values include their native binomial constants"	3	2	6	3	"none"	"-0.6931471807264326"	"0.6931471807264326"	"0"	"relative convergence (4)"	"0.0000000001664873638777607"	"TRUE"	""	
"fit"	"binomial_core"	"mu_quasi_grouped"	"drmTMB_ML"	"x"	"23.90239606309237"			"full_rank"		"quasi_complete"	"RECORDED"	"objective values include their native binomial constants"	3	2	6	3	"none"	"-0.6931471807264326"	"0.6931471807264326"	"0"	"relative convergence (4)"	"0.0000000001664873638777607"	"TRUE"	""	
"gate"	"binomial_core"	"rank_deficient_control"	"detectseparation"	"design_rank"	"2"			"rank_deficient"	"not_run"	"rank_deficient"	"PASS"	"rank checked before LP; detector not run"	6	3	6	6	"none"								
"fit"	"binomial_core"	"rank_deficient_control"	"glm"	"(Intercept)"	"0.00000000000000003695079256224137"			"rank_deficient"		"rank_deficient"	"RECORDED"	"objective values include their native binomial constants"	6	3	6	6	"none"	"-4.158883083359671"	"4.158883083359671"	"TRUE"	"NA"		"NA"	""	
"fit"	"binomial_core"	"rank_deficient_control"	"glm"	"x"	"0.00000000000000002854973161457118"			"rank_deficient"		"rank_deficient"	"RECORDED"	"objective values include their native binomial constants"	6	3	6	6	"none"	"-4.158883083359671"	"4.158883083359671"	"TRUE"	"NA"		"NA"	""	
"fit"	"binomial_core"	"rank_deficient_control"	"glm"	"twox"				"rank_deficient"		"rank_deficient"	"RECORDED"	"objective values include their native binomial constants"	6	3	6	6	"none"	"-4.158883083359671"	"4.158883083359671"	"TRUE"	"NA"		"NA"	""	
"fit"	"binomial_core"	"rank_deficient_control"	"brglm2_mean_bias_reduction"	"(Intercept)"	"-0.0000000000000001218320913700167"			"rank_deficient"		"rank_deficient"	"RECORDED"	"objective values include their native binomial constants"	6	3	6	6	"none"	"-4.158883083359671"	"4.158883083359671"	"TRUE"	"NA"		"NA"	""	
"fit"	"binomial_core"	"rank_deficient_control"	"brglm2_mean_bias_reduction"	"x"	"-0.0000000000000002283634354921809"			"rank_deficient"		"rank_deficient"	"RECORDED"	"objective values include their native binomial constants"	6	3	6	6	"none"	"-4.158883083359671"	"4.158883083359671"	"TRUE"	"NA"		"NA"	""	
"fit"	"binomial_core"	"rank_deficient_control"	"brglm2_mean_bias_reduction"	"twox"				"rank_deficient"		"rank_deficient"	"RECORDED"	"objective values include their native binomial constants"	6	3	6	6	"none"	"-4.158883083359671"	"4.158883083359671"	"TRUE"	"NA"		"NA"	""	
"fit"	"binomial_core"	"rank_deficient_control"	"drmTMB_ML"	"(Intercept)"	"0"			"rank_deficient"		"rank_deficient"	"RECORDED"	"objective values include their native binomial constants"	6	3	6	6	"none"	"-4.158883083359671"	"4.158883083359671"	"0"	"both X-convergence and relative convergence (5)"	"0"	"FALSE"	"NaNs produced"	
"fit"	"binomial_core"	"rank_deficient_control"	"drmTMB_ML"	"x"	"0"			"rank_deficient"		"rank_deficient"	"RECORDED"	"objective values include their native binomial constants"	6	3	6	6	"none"	"-4.158883083359671"	"4.158883083359671"	"0"	"both X-convergence and relative convergence (5)"	"0"	"FALSE"	"NaNs produced"	
"fit"	"binomial_core"	"rank_deficient_control"	"drmTMB_ML"	"twox"	"0"			"rank_deficient"		"rank_deficient"	"RECORDED"	"objective values include their native binomial constants"	6	3	6	6	"none"	"-4.158883083359671"	"4.158883083359671"	"0"	"both X-convergence and relative convergence (5)"	"0"	"FALSE"	"NaNs produced"	
