"record_type"	"stage"	"fixture"	"engine"	"check"	"coefficient"	"expected"	"observed"	"status"	"detail"	"solver_status"	"solver_objective"	"max_residual"	"ray"	"t"	"direct_objective"	"compiled_objective"	"direct_delta"	"compiled_delta"	"retained_rows"	"design_columns"	"trials_sum"	"active_weight_sum"	"detector_outcome"	"detector_class"	"warnings"	"error"	"record_id"
"receipt"	"preflight"	"lane"	"harness"	"authorization"		"binomial_s0a2_only"	"binomial_s0a2_only"	"PASS"	"no hurdle; no S1; no package integration; no PR; no push; no merge"																		"s0a2-0001"
"receipt"	"preflight"	"runtime"	"R"	"versions"		"drmTMB=0.6.0;detectseparation=0.4.0;ROI=1.0.2;ROI.plugin.lpsolve=1.0.2;brglm2=1.1.0;TMB=1.9.21"	"drmTMB=0.6.0;detectseparation=0.4.0;ROI=1.0.2;ROI.plugin.lpsolve=1.0.2;brglm2=1.1.0;TMB=1.9.21"	"PASS"	"R=4.6.0; platform=aarch64-apple-darwin23"																		"s0a2-0002"
"gate"	"binomial-core"	"mu_overlap"	"base_qr"	"design_rank"		"full_rank"	"full_rank"	"PASS"	"rank=2; p=2"										"6"	"2"	"6"	"6"					"s0a2-0003"
"fit"	"binomial-core"	"mu_overlap"	"drmTMB_ML"	"coefficient"	"(Intercept)"		"0.000000000000000036950792562241366"	"RECORDED"	"convergence=0; message=relative convergence (4); objective=4.1588830833596715; max_gradient=0.000000000000000055511151231257827; pdHess=TRUE"										"6"	"2"	"6"	"6"					"s0a2-0004"
"fit"	"binomial-core"	"mu_overlap"	"drmTMB_ML"	"coefficient"	"x"		"0.000000000000000028549731614571176"	"RECORDED"	"convergence=0; message=relative convergence (4); objective=4.1588830833596715; max_gradient=0.000000000000000055511151231257827; pdHess=TRUE"										"6"	"2"	"6"	"6"					"s0a2-0005"
"fit"	"binomial-core"	"mu_overlap"	"glm"	"coefficient"	"(Intercept)"		"0.000000000000000036950792562241366"	"RECORDED"	"converged=TRUE; deviance= 8.317766166719343"										"6"	"2"	"6"	"6"					"s0a2-0006"
"fit"	"binomial-core"	"mu_overlap"	"glm"	"coefficient"	"x"		"0.000000000000000028549731614571176"	"RECORDED"	"converged=TRUE; deviance= 8.317766166719343"										"6"	"2"	"6"	"6"					"s0a2-0007"
"fit"	"binomial-core"	"mu_overlap"	"brglm2_mean_bias_reduction"	"fit"		"object"	"error"	"RETAINED_FAILURE"																		"unused argument (type = \"AS_mean\")"	"s0a2-0008"
"gate"	"binomial-core"	"mu_overlap"	"drmTMB_vs_glm"	"overlap_coefficients"		"<=1e-6"	"0"	"PASS"																			"s0a2-0009"
"oracle"	"binomial-core"	"mu_overlap"	"ROI_lpsolve_cone"	"improving_cone"		"infeasible"	"unresolved"	"FAIL"	"solution=(Intercept)=0;x=0; B_source=1,2,3,4,5,6; E_source=; message=1 | list(c(0, 0)) | list(c(1, 0, 0, 0, 0, 0, 0, 0, 0)) | list(objfrom = c(0, 0), objtill = c(1e+30, 1e+30)) | list(duals = c(0, 0, 0, 0, 0, 0, 0, 0), dualsfrom = c(-1e+30, -1e+30, -1e+30, -1e+30, -1e+30, -1e+30, 0, 0), dualstill = c(1e+30, 1e+30, 1e+30, 1e+30, 1e+30, 1e+30, 0, 0)) | 0 | 0"	"0"	"0"	"                 1"							"6"	"2"							"s0a2-0010"
"oracle"	"binomial-core"	"mu_overlap"	"ROI_lpsolve_strict_margin"	"separation_class"		"none"	"unresolved"	"FAIL"	"delta=0; solution=0,0,0,0,0; message=1 | list(c(0, 0, 0, 0, 0)) | list(c(1, -0.5, -0.5, 0, 0, 0, 0, 0, 0, 0, 0, 0, 0)) | list(objfrom = c(-1e+30, -1e+30, -1e+30, -1e+30, -1e+30), objtill = c(0, 0, 0, 0, 1e+30)) | list(duals = c(-0.5, -0.5, 0, 0, 0, 0, 0, 0, 0, 0, 0, 0), dualsfrom = c(0, 0, -1e+30, -1e+30, -1e+30, -1e+30, -1e+30, 0, -1e+30, 0, 0, -1e+30), dualstill = c(0, 0, 1e+30, 1e+30, 1e+30, 1e+30, 1e+30, 0, 1e+30, 0, 0.5, 1e+30)) | 2 | 0"	"0"	"0"	"0"															"s0a2-0011"
"detector"	"binomial-core"	"mu_overlap"	"detectseparation"	"separation_class"		"none"	"none"	"PASS"															"FALSE"	"none"			"s0a2-0012"
"gate"	"objective-rays"	"mu_overlap"	"drmTMB_compiled"	"parameter_mapping"		"all_true"	"length=TRUE;free_names=TRUE;coefficient_names=TRUE;par_list_values=TRUE"	"PASS"																			"s0a2-0013"
"objective"	"objective-rays"	"mu_overlap"	"drmTMB_compiled_vs_direct"	"objective_delta"		"<=1e-8"	"0"	"PASS"					"intercept_positive"	"0"	"4.1588830833596715"	"4.1588830833596715"	"0"	"0"									"s0a2-0014"
"objective"	"objective-rays"	"mu_overlap"	"drmTMB_compiled_vs_direct"	"objective_delta"		"<=1e-8"	"0.00000000000000088817841970012523"	"PASS"					"intercept_positive"	"0.5"	"4.3444619050806406"	"4.3444619050806397"	"0.18557882172096907"	"0.18557882172096818"									"s0a2-0015"
"objective"	"objective-rays"	"mu_overlap"	"drmTMB_compiled_vs_direct"	"objective_delta"		"<=1e-8"	"0.00000000000000088817841970012523"	"PASS"					"intercept_positive"	"1"	"4.8795701251093364"	"4.8795701251093373"	"0.72068704174966491"	"0.7206870417496658"									"s0a2-0016"
"objective"	"objective-rays"	"mu_overlap"	"drmTMB_compiled_vs_direct"	"objective_delta"		"<=1e-8"	"0.0000000000000044408920985006262"	"PASS"					"intercept_positive"	"2"	"6.7615680662578308"	"6.7615680662578352"	"2.6026849828981593"	"2.6026849828981637"									"s0a2-0017"
"objective"	"objective-rays"	"mu_overlap"	"drmTMB_compiled_vs_direct"	"objective_delta"		"<=1e-8"	"0.0000000000000017763568394002505"	"PASS"					"intercept_positive"	"4"	"12.108899567506858"	"12.108899567506857"	" 7.950016484147187"	"7.9500164841471852"									"s0a2-0018"
"objective"	"objective-rays"	"mu_overlap"	"drmTMB_compiled_vs_direct"	"objective_delta"		"<=1e-8"	"0.00000000000095212726591853425"	"PASS"					"intercept_positive"	"8"	"24.002012438238321"	"24.002012438237369"	"19.843129354878648"	"19.843129354877696"									"s0a2-0019"
"objective"	"objective-rays"	"mu_overlap"	"drmTMB_compiled_vs_direct"	"objective_delta"		"<=1e-8"	"0.00000000060730087625415763"	"PASS"					"intercept_positive"	"16"	"48.000000674603712"	"48.000000675211012"	"43.841117591244043"	"43.841117591851344"									"s0a2-0020"
"gate"	"objective-rays"	"mu_overlap"	"drmTMB_compiled_vs_direct"	"ray_verdict"		"interior_minimum"	"compiled_delta_t1=0.7206870417496658; direct_delta_t1=0.72068704174966491"	"PASS"					"intercept_positive"														"s0a2-0021"
"objective"	"objective-rays"	"mu_overlap"	"drmTMB_compiled_vs_direct"	"objective_delta"		"<=1e-8"	"0"	"PASS"					"intercept_negative"	"0"	"4.1588830833596715"	"4.1588830833596715"	"0"	"0"									"s0a2-0022"
"objective"	"objective-rays"	"mu_overlap"	"drmTMB_compiled_vs_direct"	"objective_delta"		"<=1e-8"	"0"	"PASS"					"intercept_negative"	"0.5"	"4.3444619050806397"	"4.3444619050806397"	"0.18557882172096818"	"0.18557882172096818"									"s0a2-0023"
"objective"	"objective-rays"	"mu_overlap"	"drmTMB_compiled_vs_direct"	"objective_delta"		"<=1e-8"	"0.00000000000000088817841970012523"	"PASS"					"intercept_negative"	"1"	"4.8795701251093364"	"4.8795701251093373"	"0.72068704174966491"	"0.7206870417496658"									"s0a2-0024"
"objective"	"objective-rays"	"mu_overlap"	"drmTMB_compiled_vs_direct"	"objective_delta"		"<=1e-8"	"0"	"PASS"					"intercept_negative"	"2"	"6.7615680662578352"	"6.7615680662578352"	"2.6026849828981637"	"2.6026849828981637"									"s0a2-0025"
"objective"	"objective-rays"	"mu_overlap"	"drmTMB_compiled_vs_direct"	"objective_delta"		"<=1e-8"	"0"	"PASS"					"intercept_negative"	"4"	"12.108899567506857"	"12.108899567506857"	"7.9500164841471852"	"7.9500164841471852"									"s0a2-0026"
"objective"	"objective-rays"	"mu_overlap"	"drmTMB_compiled_vs_direct"	"objective_delta"		"<=1e-8"	"0"	"PASS"					"intercept_negative"	"8"	"24.002012438237372"	"24.002012438237372"	"  19.8431293548777"	"  19.8431293548777"									"s0a2-0027"
"objective"	"objective-rays"	"mu_overlap"	"drmTMB_compiled_vs_direct"	"objective_delta"		"<=1e-8"	"0"	"PASS"					"intercept_negative"	"16"	"48.000000675211012"	"48.000000675211012"	"43.841117591851344"	"43.841117591851344"									"s0a2-0028"
"gate"	"objective-rays"	"mu_overlap"	"drmTMB_compiled_vs_direct"	"ray_verdict"		"interior_minimum"	"compiled_delta_t1=0.7206870417496658; direct_delta_t1=0.72068704174966491"	"PASS"					"intercept_negative"														"s0a2-0029"
"objective"	"objective-rays"	"mu_overlap"	"drmTMB_compiled_vs_direct"	"objective_delta"		"<=1e-8"	"0"	"PASS"					"slope_positive"	"0"	"4.1588830833596715"	"4.1588830833596715"	"0"	"0"									"s0a2-0030"
"objective"	"objective-rays"	"mu_overlap"	"drmTMB_compiled_vs_direct"	"objective_delta"		"<=1e-8"	"0"	"PASS"					"slope_positive"	"0.5"	"4.2826022978403175"	"4.2826022978403175"	"0.12371921448064604"	"0.12371921448064604"									"s0a2-0031"
"objective"	"objective-rays"	"mu_overlap"	"drmTMB_compiled_vs_direct"	"objective_delta"		"<=1e-8"	"0"	"PASS"					"slope_positive"	"1"	" 4.639341111192782"	" 4.639341111192782"	"0.48045802783311053"	"0.48045802783311053"									"s0a2-0032"
"objective"	"objective-rays"	"mu_overlap"	"drmTMB_compiled_vs_direct"	"objective_delta"		"<=1e-8"	"0.0000000000000017763568394002505"	"PASS"					"slope_positive"	"2"	"5.8940064052917798"	"5.8940064052917815"	"1.7351233219321083"	"1.7351233219321101"									"s0a2-0033"
"objective"	"objective-rays"	"mu_overlap"	"drmTMB_compiled_vs_direct"	"objective_delta"		"<=1e-8"	"0.0000000000000017763568394002505"	"PASS"					"slope_positive"	"4"	"9.4588940727911304"	"9.4588940727911286"	"5.3000109894314589"	"5.3000109894314571"									"s0a2-0034"
"objective"	"objective-rays"	"mu_overlap"	"drmTMB_compiled_vs_direct"	"objective_delta"		"<=1e-8"	"0.00000000000031263880373444408"	"PASS"					"slope_positive"	"8"	"17.387635986611787"	"17.387635986611475"	"13.228752903252115"	"13.228752903251802"									"s0a2-0035"
"objective"	"objective-rays"	"mu_overlap"	"drmTMB_compiled_vs_direct"	"objective_delta"		"<=1e-8"	"0.00000000020243362541805254"	"PASS"					"slope_positive"	"16"	"33.386294811058129"	"33.386294811260562"	"29.227411727698456"	" 29.22741172790089"									"s0a2-0036"
"gate"	"objective-rays"	"mu_overlap"	"drmTMB_compiled_vs_direct"	"ray_verdict"		"interior_minimum"	"compiled_delta_t1=0.48045802783311053; direct_delta_t1=0.48045802783311053"	"PASS"					"slope_positive"														"s0a2-0037"
"objective"	"objective-rays"	"mu_overlap"	"drmTMB_compiled_vs_direct"	"objective_delta"		"<=1e-8"	"0"	"PASS"					"slope_negative"	"0"	"4.1588830833596715"	"4.1588830833596715"	"0"	"0"									"s0a2-0038"
"objective"	"objective-rays"	"mu_overlap"	"drmTMB_compiled_vs_direct"	"objective_delta"		"<=1e-8"	"0"	"PASS"					"slope_negative"	"0.5"	"4.2826022978403175"	"4.2826022978403175"	"0.12371921448064604"	"0.12371921448064604"									"s0a2-0039"
"objective"	"objective-rays"	"mu_overlap"	"drmTMB_compiled_vs_direct"	"objective_delta"		"<=1e-8"	"0"	"PASS"					"slope_negative"	"1"	" 4.639341111192782"	" 4.639341111192782"	"0.48045802783311053"	"0.48045802783311053"									"s0a2-0040"
"objective"	"objective-rays"	"mu_overlap"	"drmTMB_compiled_vs_direct"	"objective_delta"		"<=1e-8"	"0.0000000000000017763568394002505"	"PASS"					"slope_negative"	"2"	"5.8940064052917798"	"5.8940064052917815"	"1.7351233219321083"	"1.7351233219321101"									"s0a2-0041"
"objective"	"objective-rays"	"mu_overlap"	"drmTMB_compiled_vs_direct"	"objective_delta"		"<=1e-8"	"0"	"PASS"					"slope_negative"	"4"	"9.4588940727911286"	"9.4588940727911286"	"5.3000109894314571"	"5.3000109894314571"									"s0a2-0042"
"objective"	"objective-rays"	"mu_overlap"	"drmTMB_compiled_vs_direct"	"objective_delta"		"<=1e-8"	"0.00000000000031619151741324458"	"PASS"					"slope_negative"	"8"	"17.387635986611791"	"17.387635986611475"	"13.228752903252119"	"13.228752903251802"									"s0a2-0043"
"objective"	"objective-rays"	"mu_overlap"	"drmTMB_compiled_vs_direct"	"objective_delta"		"<=1e-8"	"0.00000000020243362541805254"	"PASS"					"slope_negative"	"16"	"33.386294811058129"	"33.386294811260562"	"29.227411727698456"	" 29.22741172790089"									"s0a2-0044"
"gate"	"objective-rays"	"mu_overlap"	"drmTMB_compiled_vs_direct"	"ray_verdict"		"interior_minimum"	"compiled_delta_t1=0.48045802783311053; direct_delta_t1=0.48045802783311053"	"PASS"					"slope_negative"														"s0a2-0045"
"gate"	"binomial-core"	"mu_complete_shifted_forced"	"base_qr"	"design_rank"		"full_rank"	"full_rank"	"PASS"	"rank=2; p=2"										"4"	"2"	"4"	"4"					"s0a2-0046"
"fit"	"binomial-core"	"mu_complete_shifted_forced"	"drmTMB_ML"	"coefficient"	"(Intercept)"		" -70.9046887032179"	"RECORDED"	"convergence=0; message=both X-convergence and relative convergence (5); objective=0.00000000010877397024622166; max_gradient=0.000000000054386984966280128; pdHess=TRUE"										"4"	"2"	"4"	"4"					"s0a2-0047"
"fit"	"binomial-core"	"mu_complete_shifted_forced"	"drmTMB_ML"	"coefficient"	"x"		"47.269792469446692"	"RECORDED"	"convergence=0; message=both X-convergence and relative convergence (5); objective=0.00000000010877397024622166; max_gradient=0.000000000054386984966280128; pdHess=TRUE"										"4"	"2"	"4"	"4"					"s0a2-0048"
"fit"	"binomial-core"	"mu_complete_shifted_forced"	"glm"	"coefficient"	"(Intercept)"		" -70.9046887032179"	"RECORDED"	"converged=TRUE; deviance=0.00000000021754864575859341"										"4"	"2"	"4"	"4"			"glm.fit: fitted probabilities numerically 0 or 1 occurred"		"s0a2-0049"
"fit"	"binomial-core"	"mu_complete_shifted_forced"	"glm"	"coefficient"	"x"		"47.269792469392307"	"RECORDED"	"converged=TRUE; deviance=0.00000000021754864575859341"										"4"	"2"	"4"	"4"			"glm.fit: fitted probabilities numerically 0 or 1 occurred"		"s0a2-0050"
"fit"	"binomial-core"	"mu_complete_shifted_forced"	"brglm2_mean_bias_reduction"	"fit"		"object"	"error"	"RETAINED_FAILURE"																		"unused argument (type = \"AS_mean\")"	"s0a2-0051"
"oracle"	"binomial-core"	"mu_complete_shifted_forced"	"ROI_lpsolve_cone"	"improving_cone"		"feasible"	"feasible"	"PASS"	"solution=(Intercept)=-0.24999999999999997;x=              0.25; B_source=1,2,3,4; E_source=; message=1 | list(c(-0.25, 0.25)) | list(c(1, 0, 0, 0, 0, 0, 0, 0)) | list(objfrom = c(0, 0), objtill = c(1e+30, 1e+30)) | list(duals = c(0, 0, 0, 0, 0, 0, 0), dualsfrom = c(-1e+30, -0.25, -1e+30, -1e+30, 2.22044604925031e-16, -1e+30, -1e+30), dualstill = c(1e+30, 0.250000000000253, 1e+30, 1e+30, 1e+30, 1e+30, 1e+30)) | 2 | 0"	"0"	"0"	"0.000000000000000027755575615628914"							"4"	"2"							"s0a2-0052"
"oracle"	"binomial-core"	"mu_complete_shifted_forced"	"ROI_lpsolve_strict_margin"	"separation_class"		"complete"	"complete"	"PASS"	"delta=0.20000000000000007; solution=0,0.40000000000000002,0.60000000000000009,0,0.20000000000000007; message=1 | list(c(0, 0.4, 0.6, 0, 0.2)) | list(c(1, 0, -0.6, -0.4, 0, 0.2, -0.4, 0, 0, -0.4, 0)) | list(objfrom = c(-1e+30, -0.5, -0.333333333333333, -1e+30, 2.22044604925031e-16), objtill = c(0.4, 2, 3, 0.4, 1e+30)) | list(duals = c(0, -0.6, -0.4, 0, 0.2, -0.4, 0, 0, -0.4, 0), dualsfrom = c(-1e+30, -0.5, -0.333333333333333, -1e+30, 4.44089209850063e-16, -1e+30, -1e+30, -1e+30, -2, -1e+30), dualstill = c(1e+30, 0.333333333333333, 0.5, 1e+30, 1e+30, 0.5, 1e+30, 1e+30, 0.5, 1e+30)) | 4 | 0"	"0"	"0.20000000000000007"	"0.00000000000000011102230246251565"															"s0a2-0053"
"oracle"	"binomial-core"	"mu_complete_shifted_forced"	"ROI_lpsolve_cone"	"sign_negative"	"(Intercept)"	"feasible"	"feasible"	"PASS"	"solution=(Intercept)=-1.0000000000000002;x=0.49999999999974665; message=1 | list(c(-1, 0.499999999999747)) | list(c(1, 0, 0, 0, 0, 0, 0, 0, 0)) | list(objfrom = c(0, 0), objtill = c(1e+30, 1e+30)) | list(duals = c(0, 0, 0, 0, 0, 0, 0, 0), dualsfrom = c(-1e+30, -1e+30, -0.333333333332395, -1e+30, -1e+30, -1e+30, -1e+30, -1e+30), dualstill = c(1e+30, 1e+30, 1.00000000000051, 1e+30, 1e+30, -0.500000000000253, 1e+30, 1e+30)) | 3 | 0"	"0"	"0"	"0.00000000000050692783304384648"															"s0a2-0054"
"oracle"	"binomial-core"	"mu_complete_shifted_forced"	"ROI_lpsolve_cone"	"sign_zero"	"(Intercept)"	"infeasible"	"infeasible"	"PASS"	"solution=(Intercept)=                NA;x=                NA; message=0 | list(c(NA, NA)) | list(c(NA, NA, NA, NA, NA, NA))"	"1"																	"s0a2-0055"
"oracle"	"binomial-core"	"mu_complete_shifted_forced"	"ROI_lpsolve_cone"	"sign_positive"	"(Intercept)"	"infeasible"	"infeasible"	"PASS"	"solution=(Intercept)=                NA;x=                NA; message=0 | list(c(NA, NA)) | list(c(NA, NA, NA, NA, NA, NA))"	"1"																	"s0a2-0056"
"oracle"	"binomial-core"	"mu_complete_shifted_forced"	"ROI_lpsolve_cone"	"coefficient_sign_feasibility"	"(Intercept)"	"negative=TRUE;zero=FALSE;positive=FALSE"	"negative=TRUE;zero=FALSE;positive=FALSE"	"PASS"																			"s0a2-0057"
"oracle"	"binomial-core"	"mu_complete_shifted_forced"	"ROI_lpsolve_cone"	"sign_negative"	"x"	"infeasible"	"infeasible"	"PASS"	"solution=(Intercept)=                NA;x=                NA; message=0 | list(c(NA, NA)) | list(c(NA, NA, NA, NA, NA, NA))"	"1"																	"s0a2-0058"
"oracle"	"binomial-core"	"mu_complete_shifted_forced"	"ROI_lpsolve_cone"	"sign_zero"	"x"	"infeasible"	"infeasible"	"PASS"	"solution=(Intercept)=                NA;x=                NA; message=0 | list(c(NA, NA)) | list(c(NA, NA, NA, NA, NA, NA))"	"1"																	"s0a2-0059"
"oracle"	"binomial-core"	"mu_complete_shifted_forced"	"ROI_lpsolve_cone"	"sign_positive"	"x"	"feasible"	"feasible"	"PASS"	"solution=(Intercept)=-0.99999999999999989;x=                 1; message=1 | list(c(-1, 1)) | list(c(1, 0, 0, 0, 0, 0, 0, 0, 0)) | list(objfrom = c(0, 0), objtill = c(1e+30, 1e+30)) | list(duals = c(0, 0, 0, 0, 0, 0, 0, 0), dualsfrom = c(-1e+30, -1, -1e+30, -1e+30, -1e+30, 0.25, -1e+30, -1e+30), dualstill = c(1e+30, 1.00000000000101, 1e+30, 1e+30, 1e+30, 1e+30, 1e+30, 1e+30)) | 3 | 0"	"0"	"0"	"0.00000000000000011102230246251565"															"s0a2-0060"
"oracle"	"binomial-core"	"mu_complete_shifted_forced"	"ROI_lpsolve_cone"	"coefficient_sign_feasibility"	"x"	"negative=FALSE;zero=FALSE;positive=TRUE"	"negative=FALSE;zero=FALSE;positive=TRUE"	"PASS"																			"s0a2-0061"
"detector"	"binomial-core"	"mu_complete_shifted_forced"	"detectseparation"	"separation_class"		"complete"	"complete"	"PASS"															"TRUE"	"complete"			"s0a2-0062"
"detector"	"binomial-core"	"mu_complete_shifted_forced"	"detectseparation"	"coefficient_compatibility"	"(Intercept)"	"feasible_indicator"	"-Inf -> negative"	"PASS"															"TRUE"	"complete"			"s0a2-0063"
"detector"	"binomial-core"	"mu_complete_shifted_forced"	"detectseparation"	"coefficient_compatibility"	"x"	"feasible_indicator"	"Inf -> positive"	"PASS"															"TRUE"	"complete"			"s0a2-0064"
"gate"	"objective-rays"	"mu_complete_shifted_forced"	"drmTMB_compiled"	"parameter_mapping"		"all_true"	"length=TRUE;free_names=TRUE;coefficient_names=TRUE;par_list_values=TRUE"	"PASS"																			"s0a2-0065"
"objective"	"objective-rays"	"mu_complete_shifted_forced"	"drmTMB_compiled_vs_direct"	"objective_delta"		"<=1e-8"	"0"	"PASS"					"shifted_forced"	"0"	"2.7725887222397811"	"2.7725887222397811"	"0"	"0"									"s0a2-0066"
"objective"	"objective-rays"	"mu_complete_shifted_forced"	"drmTMB_compiled_vs_direct"	"objective_delta"		"<=1e-8"	"0.00000000000000022204460492503131"	"PASS"					"shifted_forced"	"0.5"	" 1.350980524325718"	"1.3509805243257182"	"-1.4216081979140631"	"-1.4216081979140629"									"s0a2-0067"
"objective"	"objective-rays"	"mu_complete_shifted_forced"	"drmTMB_compiled_vs_direct"	"objective_delta"		"<=1e-8"	"0"	"PASS"					"shifted_forced"	"1"	"0.72369807818392962"	"0.72369807818392984"	"-2.0488906440558514"	"-2.0488906440558514"									"s0a2-0068"
"objective"	"objective-rays"	"mu_complete_shifted_forced"	"drmTMB_compiled_vs_direct"	"objective_delta"		"<=1e-8"	"0"	"PASS"					"shifted_forced"	"2"	"0.25880739236140593"	"0.25880739236140587"	"-2.5137813298783751"	"-2.5137813298783751"									"s0a2-0069"
"objective"	"objective-rays"	"mu_complete_shifted_forced"	"drmTMB_compiled_vs_direct"	"objective_delta"		"<=1e-8"	"0"	"PASS"					"shifted_forced"	"4"	"0.036312144222574928"	"0.036312144222574942"	"-2.7362765780172063"	"-2.7362765780172063"									"s0a2-0070"
"objective"	"objective-rays"	"mu_complete_shifted_forced"	"drmTMB_compiled_vs_direct"	"objective_delta"		"<=1e-8"	"0"	"PASS"					"shifted_forced"	"8"	"0.00067081282129413449"	"0.0006708128212942286"	"-2.7719179094184869"	"-2.7719179094184869"									"s0a2-0071"
"objective"	"objective-rays"	"mu_complete_shifted_forced"	"drmTMB_compiled_vs_direct"	"objective_delta"		"<=1e-8"	"0"	"PASS"					"shifted_forced"	"16"	"0.00000022507033679713592"	"0.00000022507033677435651"	"-2.7725884971694446"	"-2.7725884971694446"									"s0a2-0072"
"gate"	"objective-rays"	"mu_complete_shifted_forced"	"drmTMB_compiled_vs_direct"	"ray_verdict"		"non_worsening_and_strict"	"max_compiled_step=-0.00067058775095745426; max_direct_step=-0.00067058775095733738; compiled_improvement=2.7725884971694446; direct_improvement=2.7725884971694446"	"PASS"					"shifted_forced"														"s0a2-0073"
"gate"	"binomial-core"	"mu_complete_shifted_forced_mirror"	"base_qr"	"design_rank"		"full_rank"	"full_rank"	"PASS"	"rank=2; p=2"										"4"	"2"	"4"	"4"					"s0a2-0074"
"fit"	"binomial-core"	"mu_complete_shifted_forced_mirror"	"drmTMB_ML"	"coefficient"	"(Intercept)"		"70.904688753861024"	"RECORDED"	"convergence=0; message=both X-convergence and relative convergence (5); objective=0.00000000010877396891640679; max_gradient=0.000000000054386986580186095; pdHess=TRUE"										"4"	"2"	"4"	"4"					"s0a2-0075"
"fit"	"binomial-core"	"mu_complete_shifted_forced_mirror"	"drmTMB_ML"	"coefficient"	"x"		"-47.269792493897668"	"RECORDED"	"convergence=0; message=both X-convergence and relative convergence (5); objective=0.00000000010877396891640679; max_gradient=0.000000000054386986580186095; pdHess=TRUE"										"4"	"2"	"4"	"4"					"s0a2-0076"
"fit"	"binomial-core"	"mu_complete_shifted_forced_mirror"	"glm"	"coefficient"	"(Intercept)"		"70.904688753861024"	"RECORDED"	"converged=TRUE; deviance=0.00000000021754864575859341"										"4"	"2"	"4"	"4"			"glm.fit: fitted probabilities numerically 0 or 1 occurred"		"s0a2-0077"
"fit"	"binomial-core"	"mu_complete_shifted_forced_mirror"	"glm"	"coefficient"	"x"		"-47.269792493843283"	"RECORDED"	"converged=TRUE; deviance=0.00000000021754864575859341"										"4"	"2"	"4"	"4"			"glm.fit: fitted probabilities numerically 0 or 1 occurred"		"s0a2-0078"
"fit"	"binomial-core"	"mu_complete_shifted_forced_mirror"	"brglm2_mean_bias_reduction"	"fit"		"object"	"error"	"RETAINED_FAILURE"																		"unused argument (type = \"AS_mean\")"	"s0a2-0079"
"oracle"	"binomial-core"	"mu_complete_shifted_forced_mirror"	"ROI_lpsolve_cone"	"improving_cone"		"feasible"	"feasible"	"PASS"	"solution=(Intercept)=0.25000000000016204;x=             -0.25; B_source=1,2,3,4; E_source=; message=1 | list(c(0.250000000000162, -0.25)) | list(c(1, 0, 0, 0, 0, 0, 0, 0)) | list(objfrom = c(0, 0), objtill = c(1e+30, 1e+30)) | list(duals = c(0, 0, 0, 0, 0, 0, 0), dualsfrom = c(-1e+30, -0.250000000000162, -1e+30, -1e+30, 0, -1e+30, -1e+30), dualstill = c(1e+30, 0.249999999999838, 1e+30, 1e+30, 1e+30, 1e+30, 1e+30)) | 2 | 0"	"0"	"0"	"0"							"4"	"2"							"s0a2-0080"
"oracle"	"binomial-core"	"mu_complete_shifted_forced_mirror"	"ROI_lpsolve_strict_margin"	"separation_class"		"complete"	"complete"	"PASS"	"delta=0.20000000000000007; solution=0.60000000000000009,0,0,0.40000000000000002,0.20000000000000007; message=1 | list(c(0.6, 0, 0, 0.4, 0.2)) | list(c(1, 0, -0.6, -0.4, 0, 0.2, 0, -0.4, -0.4, 0, 0)) | list(objfrom = c(-0.333333333333333, -1e+30, -1e+30, -0.5, 2.22044604925031e-16), objtill = c(3, 0.4, 0.4, 2, 1e+30)) | list(duals = c(0, -0.6, -0.4, 0, 0.2, 0, -0.4, -0.4, 0, 0), dualsfrom = c(-1e+30, -0.5, -0.333333333333333, -1e+30, 4.44089209850063e-16, -1e+30, -2, -1e+30, -1e+30, -1e+30), dualstill = c(1e+30, 0.333333333333333, 0.5, 1e+30, 1e+30, 1e+30, 0.5, 0.5, 1e+30, 1e+30)) | 4 | 0"	"0"	"0.20000000000000007"	"0.00000000000000011102230246251565"															"s0a2-0081"
"oracle"	"binomial-core"	"mu_complete_shifted_forced_mirror"	"ROI_lpsolve_cone"	"sign_negative"	"(Intercept)"	"infeasible"	"infeasible"	"PASS"	"solution=(Intercept)=                NA;x=                NA; message=0 | list(c(NA, NA)) | list(c(NA, NA, NA, NA, NA, NA))"	"1"																	"s0a2-0082"
"oracle"	"binomial-core"	"mu_complete_shifted_forced_mirror"	"ROI_lpsolve_cone"	"sign_zero"	"(Intercept)"	"infeasible"	"infeasible"	"PASS"	"solution=(Intercept)=                NA;x=                NA; message=0 | list(c(NA, NA)) | list(c(NA, NA, NA, NA, NA, NA))"	"1"																	"s0a2-0083"
"oracle"	"binomial-core"	"mu_complete_shifted_forced_mirror"	"ROI_lpsolve_cone"	"sign_positive"	"(Intercept)"	"feasible"	"feasible"	"PASS"	"solution=(Intercept)=0.99999999999999989;x=-0.50000000000000011; message=1 | list(c(1, -0.5)) | list(c(1, 0, 0, 0, 0, 0, 0, 0, 0)) | list(objfrom = c(0, 0), objtill = c(1e+30, 1e+30)) | list(duals = c(0, 0, 0, 0, 0, 0, 0, 0), dualsfrom = c(-1e+30, -1e+30, -0.333333333333333, -1e+30, -1e+30, 0.5, -1e+30, -1e+30), dualstill = c(1e+30, 1e+30, 0.999999999998703, 1e+30, 1e+30, 1e+30, 1e+30, 1e+30)) | 3 | 0"	"0"	"0"	"0.00000000000000011102230246251565"															"s0a2-0084"
"oracle"	"binomial-core"	"mu_complete_shifted_forced_mirror"	"ROI_lpsolve_cone"	"coefficient_sign_feasibility"	"(Intercept)"	"negative=FALSE;zero=FALSE;positive=TRUE"	"negative=FALSE;zero=FALSE;positive=TRUE"	"PASS"																			"s0a2-0085"
"oracle"	"binomial-core"	"mu_complete_shifted_forced_mirror"	"ROI_lpsolve_cone"	"sign_negative"	"x"	"feasible"	"feasible"	"PASS"	"solution=(Intercept)=1.0000000000006481;x=                -1; message=1 | list(c(1.00000000000065, -1)) | list(c(1, 0, 0, 0, 0, 0, 0, 0, 0)) | list(objfrom = c(0, 0), objtill = c(1e+30, 1e+30)) | list(duals = c(0, 0, 0, 0, 0, 0, 0, 0), dualsfrom = c(-1e+30, -1.00000000000065, -1e+30, -1e+30, -1e+30, -1e+30, -1e+30, -1e+30), dualstill = c(1e+30, 0.999999999999351, 1e+30, 1e+30, 1e+30, -0.25, 1e+30, 1e+30)) | 3 | 0"	"0"	"0"	"0"															"s0a2-0086"
"oracle"	"binomial-core"	"mu_complete_shifted_forced_mirror"	"ROI_lpsolve_cone"	"sign_zero"	"x"	"infeasible"	"infeasible"	"PASS"	"solution=(Intercept)=                NA;x=                NA; message=0 | list(c(NA, NA)) | list(c(NA, NA, NA, NA, NA, NA))"	"1"																	"s0a2-0087"
"oracle"	"binomial-core"	"mu_complete_shifted_forced_mirror"	"ROI_lpsolve_cone"	"sign_positive"	"x"	"infeasible"	"infeasible"	"PASS"	"solution=(Intercept)=                NA;x=                NA; message=0 | list(c(NA, NA)) | list(c(NA, NA, NA, NA, NA, NA))"	"1"																	"s0a2-0088"
"oracle"	"binomial-core"	"mu_complete_shifted_forced_mirror"	"ROI_lpsolve_cone"	"coefficient_sign_feasibility"	"x"	"negative=TRUE;zero=FALSE;positive=FALSE"	"negative=TRUE;zero=FALSE;positive=FALSE"	"PASS"																			"s0a2-0089"
"detector"	"binomial-core"	"mu_complete_shifted_forced_mirror"	"detectseparation"	"separation_class"		"complete"	"complete"	"PASS"															"TRUE"	"complete"			"s0a2-0090"
"detector"	"binomial-core"	"mu_complete_shifted_forced_mirror"	"detectseparation"	"coefficient_compatibility"	"(Intercept)"	"feasible_indicator"	"Inf -> positive"	"PASS"															"TRUE"	"complete"			"s0a2-0091"
"detector"	"binomial-core"	"mu_complete_shifted_forced_mirror"	"detectseparation"	"coefficient_compatibility"	"x"	"feasible_indicator"	"-Inf -> negative"	"PASS"															"TRUE"	"complete"			"s0a2-0092"
"gate"	"objective-rays"	"mu_complete_shifted_forced_mirror"	"drmTMB_compiled"	"parameter_mapping"		"all_true"	"length=TRUE;free_names=TRUE;coefficient_names=TRUE;par_list_values=TRUE"	"PASS"																			"s0a2-0093"
"objective"	"objective-rays"	"mu_complete_shifted_forced_mirror"	"drmTMB_compiled_vs_direct"	"objective_delta"		"<=1e-8"	"0"	"PASS"					"shifted_forced_mirror"	"0"	"2.7725887222397811"	"2.7725887222397811"	"0"	"0"									"s0a2-0094"
"objective"	"objective-rays"	"mu_complete_shifted_forced_mirror"	"drmTMB_compiled_vs_direct"	"objective_delta"		"<=1e-8"	"0.00000000000000022204460492503131"	"PASS"					"shifted_forced_mirror"	"0.5"	" 1.350980524325718"	"1.3509805243257182"	"-1.4216081979140631"	"-1.4216081979140629"									"s0a2-0095"
"objective"	"objective-rays"	"mu_complete_shifted_forced_mirror"	"drmTMB_compiled_vs_direct"	"objective_delta"		"<=1e-8"	"0"	"PASS"					"shifted_forced_mirror"	"1"	"0.72369807818392951"	"0.72369807818392984"	"-2.0488906440558514"	"-2.0488906440558514"									"s0a2-0096"
"objective"	"objective-rays"	"mu_complete_shifted_forced_mirror"	"drmTMB_compiled_vs_direct"	"objective_delta"		"<=1e-8"	"0"	"PASS"					"shifted_forced_mirror"	"2"	"0.25880739236140593"	"0.25880739236140587"	"-2.5137813298783751"	"-2.5137813298783751"									"s0a2-0097"
"objective"	"objective-rays"	"mu_complete_shifted_forced_mirror"	"drmTMB_compiled_vs_direct"	"objective_delta"		"<=1e-8"	"0"	"PASS"					"shifted_forced_mirror"	"4"	"0.036312144222574935"	"0.036312144222574942"	"-2.7362765780172063"	"-2.7362765780172063"									"s0a2-0098"
"objective"	"objective-rays"	"mu_complete_shifted_forced_mirror"	"drmTMB_compiled_vs_direct"	"objective_delta"		"<=1e-8"	"0"	"PASS"					"shifted_forced_mirror"	"8"	"0.00067081282129413449"	"0.0006708128212942286"	"-2.7719179094184869"	"-2.7719179094184869"									"s0a2-0099"
"objective"	"objective-rays"	"mu_complete_shifted_forced_mirror"	"drmTMB_compiled_vs_direct"	"objective_delta"		"<=1e-8"	"0"	"PASS"					"shifted_forced_mirror"	"16"	"0.00000022507033679713592"	"0.00000022507033677435651"	"-2.7725884971694446"	"-2.7725884971694446"									"s0a2-0100"
"gate"	"objective-rays"	"mu_complete_shifted_forced_mirror"	"drmTMB_compiled_vs_direct"	"ray_verdict"		"non_worsening_and_strict"	"max_compiled_step=-0.00067058775095745426; max_direct_step=-0.00067058775095733738; compiled_improvement=2.7725884971694446; direct_improvement=2.7725884971694446"	"PASS"					"shifted_forced_mirror"														"s0a2-0101"
"gate"	"binomial-core"	"mu_complete_centered_ambiguous"	"base_qr"	"design_rank"		"full_rank"	"full_rank"	"PASS"	"rank=2; p=2"										"4"	"2"	"4"	"4"					"s0a2-0102"
"fit"	"binomial-core"	"mu_complete_centered_ambiguous"	"drmTMB_ML"	"coefficient"	"(Intercept)"		"-0.000000090706475093388447"	"RECORDED"	"convergence=0; message=both X-convergence and relative convergence (5); objective=0.00000000017836773812221025; max_gradient=0.00000000017836773813016403; pdHess=TRUE"										"4"	"2"	"4"	"4"					"s0a2-0103"
"fit"	"binomial-core"	"mu_complete_centered_ambiguous"	"drmTMB_ML"	"coefficient"	"x"		"23.140320932862867"	"RECORDED"	"convergence=0; message=both X-convergence and relative convergence (5); objective=0.00000000017836773812221025; max_gradient=0.00000000017836773813016403; pdHess=TRUE"										"4"	"2"	"4"	"4"					"s0a2-0104"
"fit"	"binomial-core"	"mu_complete_centered_ambiguous"	"glm"	"coefficient"	"(Intercept)"		"-0.000000090706475109567557"	"RECORDED"	"converged=TRUE; deviance=0.00000000035673686225664774"										"4"	"2"	"4"	"4"			"glm.fit: fitted probabilities numerically 0 or 1 occurred"		"s0a2-0105"
"fit"	"binomial-core"	"mu_complete_centered_ambiguous"	"glm"	"coefficient"	"x"		"23.140320932684499"	"RECORDED"	"converged=TRUE; deviance=0.00000000035673686225664774"										"4"	"2"	"4"	"4"			"glm.fit: fitted probabilities numerically 0 or 1 occurred"		"s0a2-0106"
"fit"	"binomial-core"	"mu_complete_centered_ambiguous"	"brglm2_mean_bias_reduction"	"fit"		"object"	"error"	"RETAINED_FAILURE"																		"unused argument (type = \"AS_mean\")"	"s0a2-0107"
"oracle"	"binomial-core"	"mu_complete_centered_ambiguous"	"ROI_lpsolve_cone"	"improving_cone"		"feasible"	"feasible"	"PASS"	"solution=(Intercept)=0;x=0.16666666666666669; B_source=1,2,3,4; E_source=; message=1 | list(c(0, 0.166666666666667)) | list(c(1, 0, 0, 0, 0, 0, 0, 0)) | list(objfrom = c(0, 0), objtill = c(1e+30, 1e+30)) | list(duals = c(0, 0, 0, 0, 0, 0, 0), dualsfrom = c(-1e+30, -1e+30, -1e+30, -1e+30, 1.11022302462516e-16, -0.166666666666667, -1e+30), dualstill = c(1e+30, 1e+30, 1e+30, 1e+30, 1e+30, 0.166666666666667, 1e+30)) | 1 | 0"	"0"	"0"	"0"							"4"	"2"							"s0a2-0108"
"oracle"	"binomial-core"	"mu_complete_centered_ambiguous"	"ROI_lpsolve_strict_margin"	"separation_class"		"complete"	"complete"	"PASS"	"delta=0.99999999999999989; solution=0,0.99999999999999989,0,0,0.99999999999999989; message=1 | list(c(0, 1, 0, 0, 1)) | list(c(1, 0, -1, 0, 0, 1, -2, 0, 0, -2, 0)) | list(objfrom = c(-1e+30, -1, -1e+30, -1e+30, 0), objtill = c(2, 0, 2, 2, 1e+30)) | list(duals = c(0, -1, 0, 0, 1, -2, 0, 0, -2, 0), dualsfrom = c(-1e+30, 0, -0.666666666666667, -1e+30, 0, 0, -1e+30, -1e+30, -1e+30, -1e+30), dualstill = c(1e+30, 1, 0, 1e+30, 1e+30, 0.5, 1e+30, 1e+30, 0.5, 1e+30)) | 3 | 0"	"0"	"0.99999999999999989"	"0"															"s0a2-0109"
"oracle"	"binomial-core"	"mu_complete_centered_ambiguous"	"ROI_lpsolve_cone"	"sign_negative"	"(Intercept)"	"feasible"	"feasible"	"PASS"	"solution=(Intercept)=                -1;x=0.99999999999999989; message=1 | list(c(-1, 1)) | list(c(1, 0, 0, 0, 0, 0, 0, 0, 0)) | list(objfrom = c(0, 0), objtill = c(1e+30, 1e+30)) | list(duals = c(0, 0, 0, 0, 0, 0, 0, 0), dualsfrom = c(-1e+30, -1e+30, -0.49999999999968, -1e+30, -1e+30, -1e+30, -1e+30, -1e+30), dualstill = c(1e+30, 1e+30, 1e+30, 1e+30, 1e+30, -0.166666666666667, 1e+30, 1e+30)) | 3 | 0"	"0"	"0"	"0.00000000000000011102230246251565"															"s0a2-0110"
"oracle"	"binomial-core"	"mu_complete_centered_ambiguous"	"ROI_lpsolve_cone"	"sign_zero"	"(Intercept)"	"feasible"	"feasible"	"PASS"	"solution=(Intercept)=0;x=0.16666666666666669; message=1 | list(c(0, 0.166666666666667)) | list(c(1, 0, 0, 0, 0, 0, 0, 0, 0)) | list(objfrom = c(0, 0), objtill = c(1e+30, 1e+30)) | list(duals = c(0, 0, 0, 0, 0, 0, 0, 0), dualsfrom = c(-1e+30, -1e+30, -1e+30, -1e+30, 1.11022302462516e-16, -1e+30, 0, -1e+30), dualstill = c(1e+30, 1e+30, 1e+30, 1e+30, 1e+30, 1e+30, 0, 1e+30)) | 1 | 0"	"0"	"0"	"0"															"s0a2-0111"
"oracle"	"binomial-core"	"mu_complete_centered_ambiguous"	"ROI_lpsolve_cone"	"sign_positive"	"(Intercept)"	"feasible"	"feasible"	"PASS"	"solution=(Intercept)=                 1;x=0.99999999999999989; message=1 | list(c(1, 1)) | list(c(1, 0, 0, 0, 0, 0, 0, 0, 0)) | list(objfrom = c(0, 0), objtill = c(1e+30, 1e+30)) | list(duals = c(0, 0, 0, 0, 0, 0, 0, 0), dualsfrom = c(-1e+30, -0.5, -1e+30, -1e+30, -1e+30, 0.166666666666667, -1e+30, -1e+30), dualstill = c(1e+30, 1e+30, 1e+30, 1e+30, 1e+30, 1e+30, 1e+30, 1e+30)) | 3 | 0"	"0"	"0"	"0.00000000000000011102230246251565"															"s0a2-0112"
"oracle"	"binomial-core"	"mu_complete_centered_ambiguous"	"ROI_lpsolve_cone"	"coefficient_sign_feasibility"	"(Intercept)"	"negative=TRUE;zero=TRUE;positive=TRUE"	"negative=TRUE;zero=TRUE;positive=TRUE"	"PASS"																			"s0a2-0113"
"oracle"	"binomial-core"	"mu_complete_centered_ambiguous"	"ROI_lpsolve_cone"	"sign_negative"	"x"	"infeasible"	"infeasible"	"PASS"	"solution=(Intercept)=                NA;x=                NA; message=0 | list(c(NA, NA)) | list(c(NA, NA, NA, NA, NA, NA))"	"1"																	"s0a2-0114"
"oracle"	"binomial-core"	"mu_complete_centered_ambiguous"	"ROI_lpsolve_cone"	"sign_zero"	"x"	"infeasible"	"infeasible"	"PASS"	"solution=(Intercept)=                NA;x=                NA; message=0 | list(c(NA, NA)) | list(c(NA, NA, NA, NA, NA, NA))"	"1"																	"s0a2-0115"
"oracle"	"binomial-core"	"mu_complete_centered_ambiguous"	"ROI_lpsolve_cone"	"sign_positive"	"x"	"feasible"	"feasible"	"PASS"	"solution=(Intercept)=0;x=                 1; message=1 | list(c(0, 1)) | list(c(1, 0, 0, 0, 0, 0, 0, 0, 0)) | list(objfrom = c(0, 0), objtill = c(1e+30, 1e+30)) | list(duals = c(0, 0, 0, 0, 0, 0, 0, 0), dualsfrom = c(-1e+30, -1e+30, -1e+30, -1e+30, -1e+30, 0.166666666666667, -1, -1e+30), dualstill = c(1e+30, 1e+30, 1e+30, 1e+30, 1e+30, 1e+30, 1, 1e+30)) | 2 | 0"	"0"	"0"	"0"															"s0a2-0116"
"oracle"	"binomial-core"	"mu_complete_centered_ambiguous"	"ROI_lpsolve_cone"	"coefficient_sign_feasibility"	"x"	"negative=FALSE;zero=FALSE;positive=TRUE"	"negative=FALSE;zero=FALSE;positive=TRUE"	"PASS"																			"s0a2-0117"
"detector"	"binomial-core"	"mu_complete_centered_ambiguous"	"detectseparation"	"separation_class"		"complete"	"complete"	"PASS"															"TRUE"	"complete"			"s0a2-0118"
"detector"	"binomial-core"	"mu_complete_centered_ambiguous"	"detectseparation"	"coefficient_compatibility"	"(Intercept)"	"feasible_indicator"	"-Inf -> negative"	"PASS"															"TRUE"	"complete"			"s0a2-0119"
"detector"	"binomial-core"	"mu_complete_centered_ambiguous"	"detectseparation"	"coefficient_compatibility"	"x"	"feasible_indicator"	"Inf -> positive"	"PASS"															"TRUE"	"complete"			"s0a2-0120"
"gate"	"objective-rays"	"mu_complete_centered_ambiguous"	"drmTMB_compiled"	"parameter_mapping"		"all_true"	"length=TRUE;free_names=TRUE;coefficient_names=TRUE;par_list_values=TRUE"	"PASS"																			"s0a2-0121"
"objective"	"objective-rays"	"mu_complete_centered_ambiguous"	"drmTMB_compiled_vs_direct"	"objective_delta"		"<=1e-8"	"0"	"PASS"					"centered_intercept_negative"	"0"	"2.7725887222397811"	"2.7725887222397811"	"0"	"0"									"s0a2-0122"
"objective"	"objective-rays"	"mu_complete_centered_ambiguous"	"drmTMB_compiled_vs_direct"	"objective_delta"		"<=1e-8"	"0.00000000000000022204460492503131"	"PASS"					"centered_intercept_negative"	"0.5"	"0.95579327443816109"	"0.9557932744381612"	"-1.8167954478016202"	"-1.8167954478016199"									"s0a2-0123"
"objective"	"objective-rays"	"mu_complete_centered_ambiguous"	"drmTMB_compiled_vs_direct"	"objective_delta"		"<=1e-8"	"0"	"PASS"					"centered_intercept_negative"	"1"	"0.41715173915482484"	"0.41715173915482506"	"-2.3554369830849562"	"-2.3554369830849562"									"s0a2-0124"
"objective"	"objective-rays"	"mu_complete_centered_ambiguous"	"drmTMB_compiled_vs_direct"	"objective_delta"		"<=1e-8"	"0"	"PASS"					"centered_intercept_negative"	"2"	"0.13192478021765028"	"0.13192478021765025"	"-2.6406639420221309"	"-2.6406639420221309"									"s0a2-0125"
"objective"	"objective-rays"	"mu_complete_centered_ambiguous"	"drmTMB_compiled_vs_direct"	"objective_delta"		"<=1e-8"	"0"	"PASS"					"centered_intercept_negative"	"4"	"0.01816221836591881"	"0.018162218365918824"	"-2.7544265038738622"	"-2.7544265038738622"									"s0a2-0126"
"objective"	"objective-rays"	"mu_complete_centered_ambiguous"	"drmTMB_compiled_vs_direct"	"objective_delta"		"<=1e-8"	"0"	"PASS"					"centered_intercept_negative"	"8"	"0.00033540644839836993"	"0.00033540644839846398"	"-2.7722533157913829"	"-2.7722533157913829"									"s0a2-0127"
"objective"	"objective-rays"	"mu_complete_centered_ambiguous"	"drmTMB_compiled_vs_direct"	"objective_delta"		"<=1e-8"	"0"	"PASS"					"centered_intercept_negative"	"16"	"0.0000001125351684099591"	"0.00000011253516838717968"	"-2.7725886097046128"	"-2.7725886097046128"									"s0a2-0128"
"gate"	"objective-rays"	"mu_complete_centered_ambiguous"	"drmTMB_compiled_vs_direct"	"ray_verdict"		"non_worsening_and_strict"	"max_compiled_step=-0.00033529391323007681; max_direct_step=-0.00033529391322995999; compiled_improvement=2.7725886097046128; direct_improvement=2.7725886097046128"	"PASS"					"centered_intercept_negative"														"s0a2-0129"
"objective"	"objective-rays"	"mu_complete_centered_ambiguous"	"drmTMB_compiled_vs_direct"	"objective_delta"		"<=1e-8"	"0"	"PASS"					"centered_intercept_zero"	"0"	"2.7725887222397811"	"2.7725887222397811"	"0"	"0"									"s0a2-0130"
"objective"	"objective-rays"	"mu_complete_centered_ambiguous"	"drmTMB_compiled_vs_direct"	"objective_delta"		"<=1e-8"	"0"	"PASS"					"centered_intercept_zero"	"0.5"	" 1.574677343396659"	" 1.574677343396659"	"-1.1979113788431222"	"-1.1979113788431222"									"s0a2-0131"
"objective"	"objective-rays"	"mu_complete_centered_ambiguous"	"drmTMB_compiled_vs_direct"	"objective_delta"		"<=1e-8"	"0"	"PASS"					"centered_intercept_zero"	"1"	"0.88037939712239077"	"0.88037939712239077"	"-1.8922093251173904"	"-1.8922093251173904"									"s0a2-0132"
"objective"	"objective-rays"	"mu_complete_centered_ambiguous"	"drmTMB_compiled_vs_direct"	"objective_delta"		"<=1e-8"	"0.00000000000000044408920985006262"	"PASS"					"centered_intercept_zero"	"2"	"0.29015587792156461"	"0.29015587792156444"	"-2.4824328443182164"	"-2.4824328443182169"									"s0a2-0133"
"objective"	"objective-rays"	"mu_complete_centered_ambiguous"	"drmTMB_compiled_vs_direct"	"objective_delta"		"<=1e-8"	"0"	"PASS"					"centered_intercept_zero"	"4"	"0.036970668581410904"	"0.036970668581411015"	"-2.7356180536583703"	"-2.7356180536583703"									"s0a2-0134"
"objective"	"objective-rays"	"mu_complete_centered_ambiguous"	"drmTMB_compiled_vs_direct"	"objective_delta"		"<=1e-8"	"0"	"PASS"					"centered_intercept_zero"	"8"	"0.00067103781612822867"	"0.00067103781612831205"	"-2.771917684423653"	"-2.771917684423653"									"s0a2-0135"
"objective"	"objective-rays"	"mu_complete_centered_ambiguous"	"drmTMB_compiled_vs_direct"	"objective_delta"		"<=1e-8"	"0"	"PASS"					"centered_intercept_zero"	"16"	"0.00000022507036211784254"	"0.00000022507036210268475"	"-2.7725884971694192"	"-2.7725884971694192"									"s0a2-0136"
"gate"	"objective-rays"	"mu_complete_centered_ambiguous"	"drmTMB_compiled_vs_direct"	"ray_verdict"		"non_worsening_and_strict"	"max_compiled_step=-0.00067081274576620933; max_direct_step=-0.00067081274576611088; compiled_improvement=2.7725884971694192; direct_improvement=2.7725884971694192"	"PASS"					"centered_intercept_zero"														"s0a2-0137"
"objective"	"objective-rays"	"mu_complete_centered_ambiguous"	"drmTMB_compiled_vs_direct"	"objective_delta"		"<=1e-8"	"0"	"PASS"					"centered_intercept_positive"	"0"	"2.7725887222397811"	"2.7725887222397811"	"0"	"0"									"s0a2-0138"
"objective"	"objective-rays"	"mu_complete_centered_ambiguous"	"drmTMB_compiled_vs_direct"	"objective_delta"		"<=1e-8"	"0.00000000000000022204460492503131"	"PASS"					"centered_intercept_positive"	"0.5"	"0.95579327443816098"	"0.9557932744381612"	"-1.8167954478016202"	"-1.8167954478016199"									"s0a2-0139"
"objective"	"objective-rays"	"mu_complete_centered_ambiguous"	"drmTMB_compiled_vs_direct"	"objective_delta"		"<=1e-8"	"0.00000000000000044408920985006262"	"PASS"					"centered_intercept_positive"	"1"	"0.41715173915482467"	"0.41715173915482506"	"-2.3554369830849566"	"-2.3554369830849562"									"s0a2-0140"
"objective"	"objective-rays"	"mu_complete_centered_ambiguous"	"drmTMB_compiled_vs_direct"	"objective_delta"		"<=1e-8"	"0"	"PASS"					"centered_intercept_positive"	"2"	"0.13192478021765008"	"0.13192478021765025"	"-2.6406639420221309"	"-2.6406639420221309"									"s0a2-0141"
"objective"	"objective-rays"	"mu_complete_centered_ambiguous"	"drmTMB_compiled_vs_direct"	"objective_delta"		"<=1e-8"	"0"	"PASS"					"centered_intercept_positive"	"4"	"0.018162218365918897"	"0.018162218365918824"	"-2.7544265038738622"	"-2.7544265038738622"									"s0a2-0142"
"objective"	"objective-rays"	"mu_complete_centered_ambiguous"	"drmTMB_compiled_vs_direct"	"objective_delta"		"<=1e-8"	"0.00000000000000044408920985006262"	"PASS"					"centered_intercept_positive"	"8"	"0.0003354064483984719"	"0.00033540644839846398"	"-2.7722533157913825"	"-2.7722533157913829"									"s0a2-0143"
"objective"	"objective-rays"	"mu_complete_centered_ambiguous"	"drmTMB_compiled_vs_direct"	"objective_delta"		"<=1e-8"	"0"	"PASS"					"centered_intercept_positive"	"16"	"0.00000011253516838717825"	"0.00000011253516838717968"	"-2.7725886097046128"	"-2.7725886097046128"									"s0a2-0144"
"gate"	"objective-rays"	"mu_complete_centered_ambiguous"	"drmTMB_compiled_vs_direct"	"ray_verdict"		"non_worsening_and_strict"	"max_compiled_step=-0.00033529391323007681; max_direct_step=-0.00033529391323008472; compiled_improvement=2.7725886097046128; direct_improvement=2.7725886097046128"	"PASS"					"centered_intercept_positive"														"s0a2-0145"
"gate"	"binomial-core"	"mu_quasi"	"base_qr"	"design_rank"		"full_rank"	"full_rank"	"PASS"	"rank=2; p=2"										"4"	"2"	"4"	"4"					"s0a2-0146"
"fit"	"binomial-core"	"mu_quasi"	"drmTMB_ML"	"coefficient"	"(Intercept)"		"-0.000000000000000092790724993576003"	"RECORDED"	"convergence=0; message=both X-convergence and relative convergence (5); objective=1.3862943674819015; max_gradient=0.0000000063620108292368173; pdHess=TRUE"										"4"	"2"	"4"	"4"					"s0a2-0147"
"fit"	"binomial-core"	"mu_quasi"	"drmTMB_ML"	"coefficient"	"x"		"19.566068518824931"	"RECORDED"	"convergence=0; message=both X-convergence and relative convergence (5); objective=1.3862943674819015; max_gradient=0.0000000063620108292368173; pdHess=TRUE"										"4"	"2"	"4"	"4"					"s0a2-0148"
"fit"	"binomial-core"	"mu_quasi"	"glm"	"coefficient"	"(Intercept)"		"-0.000000000000000092790724993576003"	"RECORDED"	"converged=TRUE; deviance=2.7725887349638034"										"4"	"2"	"4"	"4"					"s0a2-0149"
"fit"	"binomial-core"	"mu_quasi"	"glm"	"coefficient"	"x"		"19.566068518824931"	"RECORDED"	"converged=TRUE; deviance=2.7725887349638034"										"4"	"2"	"4"	"4"					"s0a2-0150"
"fit"	"binomial-core"	"mu_quasi"	"brglm2_mean_bias_reduction"	"fit"		"object"	"error"	"RETAINED_FAILURE"																		"unused argument (type = \"AS_mean\")"	"s0a2-0151"
"oracle"	"binomial-core"	"mu_quasi"	"ROI_lpsolve_cone"	"improving_cone"		"feasible"	"feasible"	"PASS"	"solution=(Intercept)=0;x=               0.5; B_source=1,2,3,4; E_source=; message=1 | list(c(0, 0.5)) | list(c(1, 0, 0, 0, 0, 0, 0, 0)) | list(objfrom = c(0, 0), objtill = c(1e+30, 1e+30)) | list(duals = c(0, 0, 0, 0, 0, 0, 0), dualsfrom = c(-1e+30, -1e+30, -1e+30, -1e+30, 0, 0, -1e+30), dualstill = c(1e+30, 1e+30, 1e+30, 1e+30, 1e+30, 0, 1e+30)) | 1 | 0"	"0"	"0"	"0"							"4"	"2"							"s0a2-0152"
"oracle"	"binomial-core"	"mu_quasi"	"ROI_lpsolve_strict_margin"	"separation_class"		"quasi_complete"	"quasi_complete"	"PASS"	"delta=0; solution=0,0,0,0,0; message=1 | list(c(0, 0, 0, 0, 0)) | list(c(1, 0, -0.5, -0.5, 0, 0, 0, 0, 0, 0, 0)) | list(objfrom = c(-1e+30, -1e+30, -1e+30, -1e+30, -1e+30), objtill = c(0, 0, 0, 0, 1e+30)) | list(duals = c(0, -0.5, -0.5, 0, 0, 0, 0, 0, 0, 0), dualsfrom = c(0, 0, 0, -1e+30, -1e+30, 0, -1e+30, -1e+30, 0, -1e+30), dualstill = c(1, 0, 0, 1e+30, 1e+30, 0.5, 1e+30, 1e+30, 0.5, 1e+30)) | 3 | 0"	"0"	"0"	"0"															"s0a2-0153"
"oracle"	"binomial-core"	"mu_quasi"	"ROI_lpsolve_cone"	"sign_negative"	"(Intercept)"	"infeasible"	"infeasible"	"PASS"	"solution=(Intercept)=                NA;x=                NA; message=0 | list(c(NA, NA)) | list(c(NA, NA, NA, NA, NA, NA))"	"1"																	"s0a2-0154"
"oracle"	"binomial-core"	"mu_quasi"	"ROI_lpsolve_cone"	"sign_zero"	"(Intercept)"	"feasible"	"feasible"	"PASS"	"solution=(Intercept)=0;x=               0.5; message=1 | list(c(0, 0.5)) | list(c(1, 0, 0, 0, 0, 0, 0, 0, 0)) | list(objfrom = c(0, 0), objtill = c(1e+30, 1e+30)) | list(duals = c(0, 0, 0, 0, 0, 0, 0, 0), dualsfrom = c(-1e+30, -1e+30, -1e+30, -1e+30, 0, -1e+30, 0, -1e+30), dualstill = c(1e+30, 1e+30, 1e+30, 1e+30, 1e+30, 1e+30, 0, 1e+30)) | 1 | 0"	"0"	"0"	"0"															"s0a2-0155"
"oracle"	"binomial-core"	"mu_quasi"	"ROI_lpsolve_cone"	"sign_positive"	"(Intercept)"	"infeasible"	"infeasible"	"PASS"	"solution=(Intercept)=                NA;x=                NA; message=0 | list(c(NA, NA)) | list(c(NA, NA, NA, NA, NA, NA))"	"1"																	"s0a2-0156"
"oracle"	"binomial-core"	"mu_quasi"	"ROI_lpsolve_cone"	"coefficient_sign_feasibility"	"(Intercept)"	"negative=FALSE;zero=TRUE;positive=FALSE"	"negative=FALSE;zero=TRUE;positive=FALSE"	"PASS"																			"s0a2-0157"
"oracle"	"binomial-core"	"mu_quasi"	"ROI_lpsolve_cone"	"sign_negative"	"x"	"infeasible"	"infeasible"	"PASS"	"solution=(Intercept)=                NA;x=                NA; message=0 | list(c(NA, NA)) | list(c(NA, NA, NA, NA, NA, NA))"	"1"																	"s0a2-0158"
"oracle"	"binomial-core"	"mu_quasi"	"ROI_lpsolve_cone"	"sign_zero"	"x"	"infeasible"	"infeasible"	"PASS"	"solution=(Intercept)=                NA;x=                NA; message=0 | list(c(NA, NA)) | list(c(NA, NA, NA, NA, NA, NA))"	"1"																	"s0a2-0159"
"oracle"	"binomial-core"	"mu_quasi"	"ROI_lpsolve_cone"	"sign_positive"	"x"	"feasible"	"feasible"	"PASS"	"solution=(Intercept)=0;x=                 1; message=1 | list(c(0, 1)) | list(c(1, 0, 0, 0, 0, 0, 0, 0, 0)) | list(objfrom = c(0, 0), objtill = c(1e+30, 1e+30)) | list(duals = c(0, 0, 0, 0, 0, 0, 0, 0), dualsfrom = c(-1e+30, -1e+30, -1e+30, -1e+30, -1e+30, 0.5, 0, -1e+30), dualstill = c(1e+30, 1e+30, 1e+30, 1e+30, 1e+30, 1e+30, 0, 1e+30)) | 2 | 0"	"0"	"0"	"0"															"s0a2-0160"
"oracle"	"binomial-core"	"mu_quasi"	"ROI_lpsolve_cone"	"coefficient_sign_feasibility"	"x"	"negative=FALSE;zero=FALSE;positive=TRUE"	"negative=FALSE;zero=FALSE;positive=TRUE"	"PASS"																			"s0a2-0161"
"detector"	"binomial-core"	"mu_quasi"	"detectseparation"	"separation_class"		"quasi_complete"	"quasi_complete"	"PASS"															"TRUE"	"quasi_complete"			"s0a2-0162"
"detector"	"binomial-core"	"mu_quasi"	"detectseparation"	"coefficient_compatibility"	"(Intercept)"	"feasible_indicator"	"0 -> zero"	"PASS"															"TRUE"	"quasi_complete"			"s0a2-0163"
"detector"	"binomial-core"	"mu_quasi"	"detectseparation"	"coefficient_compatibility"	"x"	"feasible_indicator"	"Inf -> positive"	"PASS"															"TRUE"	"quasi_complete"			"s0a2-0164"
"gate"	"objective-rays"	"mu_quasi"	"drmTMB_compiled"	"parameter_mapping"		"all_true"	"length=TRUE;free_names=TRUE;coefficient_names=TRUE;par_list_values=TRUE"	"PASS"																			"s0a2-0165"
"objective"	"objective-rays"	"mu_quasi"	"drmTMB_compiled_vs_direct"	"objective_delta"		"<=1e-8"	"0"	"PASS"					"quasi"	"0"	"2.7725887222397811"	"2.7725887222397811"	"0"	"0"									"s0a2-0166"
"objective"	"objective-rays"	"mu_quasi"	"drmTMB_compiled_vs_direct"	"objective_delta"		"<=1e-8"	"0"	"PASS"					"quasi"	"0.5"	"2.3344483294801037"	"2.3344483294801037"	"-0.43814039275967742"	"-0.43814039275967742"									"s0a2-0167"
"objective"	"objective-rays"	"mu_quasi"	"drmTMB_compiled_vs_direct"	"objective_delta"		"<=1e-8"	"0.00000000000000044408920985006262"	"PASS"					"quasi"	"1"	" 2.012817736156336"	"2.0128177361563364"	"-0.75977098608344518"	"-0.75977098608344473"									"s0a2-0168"
"objective"	"objective-rays"	"mu_quasi"	"drmTMB_compiled_vs_direct"	"objective_delta"		"<=1e-8"	"0.00000000000000022204460492503131"	"PASS"					"quasi"	"2"	"1.6401503832058357"	"1.6401503832058355"	"-1.1324383390339454"	"-1.1324383390339456"									"s0a2-0169"
"objective"	"objective-rays"	"mu_quasi"	"drmTMB_compiled_vs_direct"	"objective_delta"		"<=1e-8"	"0"	"PASS"					"quasi"	"4"	"1.4225942169555099"	"1.4225942169555099"	"-1.3499945052842712"	"-1.3499945052842712"									"s0a2-0170"
"objective"	"objective-rays"	"mu_quasi"	"drmTMB_compiled_vs_direct"	"objective_delta"		"<=1e-8"	"0"	"PASS"					"quasi"	"8"	"1.3869651738656821"	"1.3869651738656821"	"-1.3856235483740991"	"-1.3856235483740991"									"s0a2-0171"
"objective"	"objective-rays"	"mu_quasi"	"drmTMB_compiled_vs_direct"	"objective_delta"		"<=1e-8"	"0.00000000000000022204460492503131"	"PASS"					"quasi"	"16"	"1.3862945861902276"	"1.3862945861902274"	"-1.3862941360495535"	"-1.3862941360495538"									"s0a2-0172"
"gate"	"objective-rays"	"mu_quasi"	"drmTMB_compiled_vs_direct"	"ray_verdict"		"non_worsening_and_strict"	"max_compiled_step=-0.00067058767545469244; max_direct_step=-0.0006705876754544704; compiled_improvement=1.3862941360495538; direct_improvement=1.3862941360495535"	"PASS"					"quasi"														"s0a2-0173"
"gate"	"binomial-core"	"mu_intercept_all_success"	"base_qr"	"design_rank"		"full_rank"	"full_rank"	"PASS"	"rank=1; p=1"										"4"	"1"	"4"	"4"					"s0a2-0174"
"fit"	"binomial-core"	"mu_intercept_all_success"	"drmTMB_ML"	"coefficient"	"(Intercept)"		"23.566068337333984"	"RECORDED"	"convergence=0; message=X-convergence (3); objective=0.00000000023304862893978801; max_gradient=0.00000000023304862893299908; pdHess=TRUE"										"4"	"1"	"4"	"4"					"s0a2-0175"
"fit"	"binomial-core"	"mu_intercept_all_success"	"glm"	"coefficient"	"(Intercept)"		"23.566068337100937"	"RECORDED"	"converged=TRUE; deviance=0.00000000046609827107665376"										"4"	"1"	"4"	"4"					"s0a2-0176"
"fit"	"binomial-core"	"mu_intercept_all_success"	"brglm2_mean_bias_reduction"	"fit"		"object"	"error"	"RETAINED_FAILURE"																		"unused argument (type = \"AS_mean\")"	"s0a2-0177"
"oracle"	"binomial-core"	"mu_intercept_all_success"	"ROI_lpsolve_cone"	"improving_cone"		"feasible"	"feasible"	"PASS"	"solution=(Intercept)=              0.25; B_source=1,2,3,4; E_source=; message=1 | list(0.25) | list(c(1, 0, 0, 0, 0, 0, 0)) | list(objfrom = 0, objtill = 1e+30) | list(duals = c(0, 0, 0, 0, 0, 0), dualsfrom = c(-1e+30, -1e+30, -1e+30, -1e+30, 0, -1e+30), dualstill = c(1e+30, 1e+30, 1e+30, 1e+30, 1e+30, 1e+30)) | 1 | 0"	"0"	"0"	"0"							"4"	"1"							"s0a2-0178"
"oracle"	"binomial-core"	"mu_intercept_all_success"	"ROI_lpsolve_strict_margin"	"separation_class"		"complete"	"complete"	"PASS"	"delta=                 1; solution=                 1,0,                 1; message=1 | list(c(1, 0, 1)) | list(c(1, -1, 0, 0, 0, 1, 0, -2, 0)) | list(objfrom = c(-1, -1e+30, 0), objtill = c(1e+30, 2, 1e+30)) | list(duals = c(-1, 0, 0, 0, 1, 0, -2, 0), dualsfrom = c(0, -1e+30, -1e+30, -1e+30, 0, -1e+30, -1e+30, -1e+30), dualstill = c(1, 1e+30, 1e+30, 1e+30, 1e+30, 1e+30, 0.5, 1e+30)) | 2 | 0"	"0"	"                 1"	"0"															"s0a2-0179"
"oracle"	"binomial-core"	"mu_intercept_all_success"	"ROI_lpsolve_cone"	"sign_negative"	"(Intercept)"	"infeasible"	"infeasible"	"PASS"	"solution=(Intercept)=                NA; message=0 | list(NA) | list(c(NA, NA, NA, NA, NA, NA))"	"1"																	"s0a2-0180"
"oracle"	"binomial-core"	"mu_intercept_all_success"	"ROI_lpsolve_cone"	"sign_zero"	"(Intercept)"	"infeasible"	"infeasible"	"PASS"	"solution=(Intercept)=                NA; message=0 | list(NA) | list(c(NA, NA, NA, NA, NA, NA))"	"1"																	"s0a2-0181"
"oracle"	"binomial-core"	"mu_intercept_all_success"	"ROI_lpsolve_cone"	"sign_positive"	"(Intercept)"	"feasible"	"feasible"	"PASS"	"solution=(Intercept)=                 1; message=1 | list(1) | list(c(1, 0, 0, 0, 0, 0, 0, 0)) | list(objfrom = 0, objtill = 1e+30) | list(duals = c(0, 0, 0, 0, 0, 0, 0), dualsfrom = c(-1e+30, -1e+30, -1e+30, -1e+30, -1e+30, 0.25, -1e+30), dualstill = c(1e+30, 1e+30, 1e+30, 1e+30, 1e+30, 1e+30, 1e+30)) | 2 | 0"	"0"	"0"	"0"															"s0a2-0182"
"oracle"	"binomial-core"	"mu_intercept_all_success"	"ROI_lpsolve_cone"	"coefficient_sign_feasibility"	"(Intercept)"	"negative=FALSE;zero=FALSE;positive=TRUE"	"negative=FALSE;zero=FALSE;positive=TRUE"	"PASS"																			"s0a2-0183"
"detector"	"binomial-core"	"mu_intercept_all_success"	"detectseparation"	"separation_class"		"complete"	"complete"	"PASS"															"TRUE"	"complete"			"s0a2-0184"
"detector"	"binomial-core"	"mu_intercept_all_success"	"detectseparation"	"coefficient_compatibility"	"(Intercept)"	"feasible_indicator"	"Inf -> positive"	"PASS"															"TRUE"	"complete"			"s0a2-0185"
"gate"	"objective-rays"	"mu_intercept_all_success"	"drmTMB_compiled"	"parameter_mapping"		"all_true"	"length=TRUE;free_names=TRUE;coefficient_names=TRUE;par_list_values=TRUE"	"PASS"																			"s0a2-0186"
"objective"	"objective-rays"	"mu_intercept_all_success"	"drmTMB_compiled_vs_direct"	"objective_delta"		"<=1e-8"	"0"	"PASS"					"all_success"	"0"	"2.7725887222397811"	"2.7725887222397811"	"0"	"0"									"s0a2-0187"
"objective"	"objective-rays"	"mu_intercept_all_success"	"drmTMB_compiled_vs_direct"	"objective_delta"		"<=1e-8"	"0.00000000000000022204460492503131"	"PASS"					"all_success"	"0.5"	"1.8963079367204265"	"1.8963079367204267"	"-0.87628078551935462"	"-0.8762807855193544"									"s0a2-0188"
"objective"	"objective-rays"	"mu_intercept_all_success"	"drmTMB_compiled_vs_direct"	"objective_delta"		"<=1e-8"	"0.00000000000000022204460492503131"	"PASS"					"all_success"	"1"	"1.2530467500728912"	"1.2530467500728915"	"-1.5195419721668899"	"-1.5195419721668897"									"s0a2-0189"
"objective"	"objective-rays"	"mu_intercept_all_success"	"drmTMB_compiled_vs_direct"	"objective_delta"		"<=1e-8"	"0.00000000000000044408920985006262"	"PASS"					"all_success"	"2"	"0.50771204417189053"	"0.50771204417188998"	"-2.2648766780678908"	"-2.2648766780678913"									"s0a2-0190"
"objective"	"objective-rays"	"mu_intercept_all_success"	"drmTMB_compiled_vs_direct"	"objective_delta"		"<=1e-8"	"0"	"PASS"					"all_success"	"4"	"0.072599711671238923"	"0.072599711671238951"	"-2.699989010568542"	"-2.699989010568542"									"s0a2-0191"
"objective"	"objective-rays"	"mu_intercept_all_success"	"drmTMB_compiled_vs_direct"	"objective_delta"		"<=1e-8"	"0.00000000000000044408920985006262"	"PASS"					"all_success"	"8"	"0.0013416254915826506"	"0.0013416254915830754"	"-2.7712470967481986"	"-2.7712470967481981"									"s0a2-0192"
"objective"	"objective-rays"	"mu_intercept_all_success"	"drmTMB_compiled_vs_direct"	"objective_delta"		"<=1e-8"	"0"	"PASS"					"all_success"	"16"	"0.00000045014067363983067"	"0.00000045014067354870729"	"-2.7725882720991075"	"-2.7725882720991075"									"s0a2-0193"
"gate"	"objective-rays"	"mu_intercept_all_success"	"drmTMB_compiled_vs_direct"	"ray_verdict"		"non_worsening_and_strict"	"max_compiled_step=-0.0013411753509095267; max_direct_step=-0.0013411753509090108; compiled_improvement=2.7725882720991075; direct_improvement=2.7725882720991075"	"PASS"					"all_success"														"s0a2-0194"
"gate"	"binomial-core"	"mu_intercept_all_failure"	"base_qr"	"design_rank"		"full_rank"	"full_rank"	"PASS"	"rank=1; p=1"										"4"	"1"	"4"	"4"					"s0a2-0195"
"fit"	"binomial-core"	"mu_intercept_all_failure"	"drmTMB_ML"	"coefficient"	"(Intercept)"		"-23.566068523683789"	"RECORDED"	"convergence=0; message=X-convergence (3); objective=0.00000000023304858551122558; max_gradient=0.0000000002330485855044366; pdHess=TRUE"										"4"	"1"	"4"	"4"					"s0a2-0196"
"fit"	"binomial-core"	"mu_intercept_all_failure"	"glm"	"coefficient"	"(Intercept)"		"-23.566068523450742"	"RECORDED"	"converged=TRUE; deviance=0.00000000046609827107665376"										"4"	"1"	"4"	"4"					"s0a2-0197"
"fit"	"binomial-core"	"mu_intercept_all_failure"	"brglm2_mean_bias_reduction"	"fit"		"object"	"error"	"RETAINED_FAILURE"																		"unused argument (type = \"AS_mean\")"	"s0a2-0198"
"oracle"	"binomial-core"	"mu_intercept_all_failure"	"ROI_lpsolve_cone"	"improving_cone"		"feasible"	"feasible"	"PASS"	"solution=(Intercept)=             -0.25; B_source=1,2,3,4; E_source=; message=1 | list(-0.25) | list(c(1, 0, 0, 0, 0, 0, 0)) | list(objfrom = 0, objtill = 1e+30) | list(duals = c(0, 0, 0, 0, 0, 0), dualsfrom = c(-1e+30, -1e+30, -1e+30, -1e+30, 0, -1e+30), dualstill = c(1e+30, 1e+30, 1e+30, 1e+30, 1e+30, 1e+30)) | 1 | 0"	"0"	"0"	"0"							"4"	"1"							"s0a2-0199"
"oracle"	"binomial-core"	"mu_intercept_all_failure"	"ROI_lpsolve_strict_margin"	"separation_class"		"complete"	"complete"	"PASS"	"delta=                 1; solution=0,                 1,                 1; message=1 | list(c(0, 1, 1)) | list(c(1, -1, 0, 0, 0, 1, -2, 0, 0)) | list(objfrom = c(-1e+30, -1, 0), objtill = c(2, 1e+30, 1e+30)) | list(duals = c(-1, 0, 0, 0, 1, -2, 0, 0), dualsfrom = c(0, -1e+30, -1e+30, -1e+30, 0, -1e+30, -1e+30, -1e+30), dualstill = c(1, 1e+30, 1e+30, 1e+30, 1e+30, 0.5, 1e+30, 1e+30)) | 2 | 0"	"0"	"                 1"	"0"															"s0a2-0200"
"oracle"	"binomial-core"	"mu_intercept_all_failure"	"ROI_lpsolve_cone"	"sign_negative"	"(Intercept)"	"feasible"	"feasible"	"PASS"	"solution=(Intercept)=                -1; message=1 | list(-1) | list(c(1, 0, 0, 0, 0, 0, 0, 0)) | list(objfrom = 0, objtill = 1e+30) | list(duals = c(0, 0, 0, 0, 0, 0, 0), dualsfrom = c(-1e+30, -1e+30, -1e+30, -1e+30, -1e+30, -1e+30, -1e+30), dualstill = c(1e+30, 1e+30, 1e+30, 1e+30, 1e+30, -0.25, 1e+30)) | 2 | 0"	"0"	"0"	"0"															"s0a2-0201"
"oracle"	"binomial-core"	"mu_intercept_all_failure"	"ROI_lpsolve_cone"	"sign_zero"	"(Intercept)"	"infeasible"	"infeasible"	"PASS"	"solution=(Intercept)=                NA; message=0 | list(NA) | list(c(NA, NA, NA, NA, NA, NA))"	"1"																	"s0a2-0202"
"oracle"	"binomial-core"	"mu_intercept_all_failure"	"ROI_lpsolve_cone"	"sign_positive"	"(Intercept)"	"infeasible"	"infeasible"	"PASS"	"solution=(Intercept)=                NA; message=0 | list(NA) | list(c(NA, NA, NA, NA, NA, NA))"	"1"																	"s0a2-0203"
"oracle"	"binomial-core"	"mu_intercept_all_failure"	"ROI_lpsolve_cone"	"coefficient_sign_feasibility"	"(Intercept)"	"negative=TRUE;zero=FALSE;positive=FALSE"	"negative=TRUE;zero=FALSE;positive=FALSE"	"PASS"																			"s0a2-0204"
"detector"	"binomial-core"	"mu_intercept_all_failure"	"detectseparation"	"separation_class"		"complete"	"complete"	"PASS"															"TRUE"	"complete"			"s0a2-0205"
"detector"	"binomial-core"	"mu_intercept_all_failure"	"detectseparation"	"coefficient_compatibility"	"(Intercept)"	"feasible_indicator"	"-Inf -> negative"	"PASS"															"TRUE"	"complete"			"s0a2-0206"
"gate"	"objective-rays"	"mu_intercept_all_failure"	"drmTMB_compiled"	"parameter_mapping"		"all_true"	"length=TRUE;free_names=TRUE;coefficient_names=TRUE;par_list_values=TRUE"	"PASS"																			"s0a2-0207"
"objective"	"objective-rays"	"mu_intercept_all_failure"	"drmTMB_compiled_vs_direct"	"objective_delta"		"<=1e-8"	"0"	"PASS"					"all_failure"	"0"	"2.7725887222397811"	"2.7725887222397811"	"0"	"0"									"s0a2-0208"
"objective"	"objective-rays"	"mu_intercept_all_failure"	"drmTMB_compiled_vs_direct"	"objective_delta"		"<=1e-8"	"0.00000000000000022204460492503131"	"PASS"					"all_failure"	"0.5"	"1.8963079367204265"	"1.8963079367204267"	"-0.87628078551935462"	"-0.8762807855193544"									"s0a2-0209"
"objective"	"objective-rays"	"mu_intercept_all_failure"	"drmTMB_compiled_vs_direct"	"objective_delta"		"<=1e-8"	"0.00000000000000022204460492503131"	"PASS"					"all_failure"	"1"	"1.2530467500728912"	"1.2530467500728915"	"-1.5195419721668899"	"-1.5195419721668897"									"s0a2-0210"
"objective"	"objective-rays"	"mu_intercept_all_failure"	"drmTMB_compiled_vs_direct"	"objective_delta"		"<=1e-8"	"0"	"PASS"					"all_failure"	"2"	"0.50771204417188998"	"0.50771204417188998"	"-2.2648766780678913"	"-2.2648766780678913"									"s0a2-0211"
"objective"	"objective-rays"	"mu_intercept_all_failure"	"drmTMB_compiled_vs_direct"	"objective_delta"		"<=1e-8"	"0"	"PASS"					"all_failure"	"4"	"0.072599711671238965"	"0.072599711671238951"	"-2.699989010568542"	"-2.699989010568542"									"s0a2-0212"
"objective"	"objective-rays"	"mu_intercept_all_failure"	"drmTMB_compiled_vs_direct"	"objective_delta"		"<=1e-8"	"0"	"PASS"					"all_failure"	"8"	"0.0013416254915830754"	"0.0013416254915830754"	"-2.7712470967481981"	"-2.7712470967481981"									"s0a2-0213"
"objective"	"objective-rays"	"mu_intercept_all_failure"	"drmTMB_compiled_vs_direct"	"objective_delta"		"<=1e-8"	"0"	"PASS"					"all_failure"	"16"	"0.00000045014067354870729"	"0.00000045014067354870729"	"-2.7725882720991075"	"-2.7725882720991075"									"s0a2-0214"
"gate"	"objective-rays"	"mu_intercept_all_failure"	"drmTMB_compiled_vs_direct"	"ray_verdict"		"non_worsening_and_strict"	"max_compiled_step=-0.0013411753509095267; max_direct_step=-0.0013411753509095267; compiled_improvement=2.7725882720991075; direct_improvement=2.7725882720991075"	"PASS"					"all_failure"														"s0a2-0215"
"gate"	"binomial-core"	"mu_quasi_expanded"	"base_qr"	"design_rank"		"full_rank"	"full_rank"	"PASS"	"rank=2; p=2"										"6"	"2"	"6"	"6"					"s0a2-0216"
"fit"	"binomial-core"	"mu_quasi_expanded"	"drmTMB_ML"	"coefficient"	"(Intercept)"		"0.00000000000000030610427223538371"	"RECORDED"	"convergence=0; message=both X-convergence and relative convergence (5); objective=1.3862943658007967; max_gradient=0.0000000046809059389983478; pdHess=TRUE"										"6"	"2"	"6"	"6"					"s0a2-0217"
"fit"	"binomial-core"	"mu_quasi_expanded"	"drmTMB_ML"	"coefficient"	"x"		"20.566068528991025"	"RECORDED"	"convergence=0; message=both X-convergence and relative convergence (5); objective=1.3862943658007967; max_gradient=0.0000000046809059389983478; pdHess=TRUE"										"6"	"2"	"6"	"6"					"s0a2-0218"
"fit"	"binomial-core"	"mu_quasi_expanded"	"glm"	"coefficient"	"(Intercept)"		"0.00000000000000030610427223538371"	"RECORDED"	"converged=TRUE; deviance=2.7725887316015938"										"6"	"2"	"6"	"6"					"s0a2-0219"
"fit"	"binomial-core"	"mu_quasi_expanded"	"glm"	"coefficient"	"x"		"20.566068528991025"	"RECORDED"	"converged=TRUE; deviance=2.7725887316015938"										"6"	"2"	"6"	"6"					"s0a2-0220"
"fit"	"binomial-core"	"mu_quasi_expanded"	"brglm2_mean_bias_reduction"	"fit"		"object"	"error"	"RETAINED_FAILURE"																		"unused argument (type = \"AS_mean\")"	"s0a2-0221"
"oracle"	"binomial-core"	"mu_quasi_expanded"	"ROI_lpsolve_cone"	"improving_cone"		"feasible"	"feasible"	"PASS"	"solution=(Intercept)=0;x=              0.25; B_source=1,2,3,4,5,6; E_source=; message=1 | list(c(0, 0.25)) | list(c(1, 0, 0, 0, 0, 0, 0, 0, 0, 0)) | list(objfrom = c(0, 0), objtill = c(1e+30, 1e+30)) | list(duals = c(0, 0, 0, 0, 0, 0, 0, 0, 0), dualsfrom = c(-1e+30, -1e+30, -1e+30, -1e+30, -1e+30, -1e+30, 0, 0, -1e+30), dualstill = c(1e+30, 1e+30, 1e+30, 1e+30, 1e+30, 1e+30, 1e+30, 0, 1e+30)) | 1 | 0"	"0"	"0"	"0"							"6"	"2"							"s0a2-0222"
"oracle"	"binomial-core"	"mu_quasi_expanded"	"ROI_lpsolve_strict_margin"	"separation_class"		"quasi_complete"	"quasi_complete"	"PASS"	"delta=0; solution=0,0,0,0,0; message=1 | list(c(0, 0, 0, 0, 0)) | list(c(1, 0, 0, -0.5, -0.5, 0, 0, 0, 0, 0, 0, 0, 0)) | list(objfrom = c(-1e+30, -1e+30, -1e+30, -1e+30, -1e+30), objtill = c(0, 0, 0, 0, 1e+30)) | list(duals = c(0, 0, -0.5, -0.5, 0, 0, 0, 0, 0, 0, 0, 0), dualsfrom = c(0, -1e+30, 0, 0, -1e+30, -1e+30, -1e+30, 0, -1e+30, -1e+30, 0, -1e+30), dualstill = c(1, 1e+30, 0, 0, 1e+30, 1e+30, 1e+30, 0.5, 1e+30, 1e+30, 0.5, 1e+30)) | 3 | 0"	"0"	"0"	"0"															"s0a2-0223"
"oracle"	"binomial-core"	"mu_quasi_expanded"	"ROI_lpsolve_cone"	"sign_negative"	"(Intercept)"	"infeasible"	"infeasible"	"PASS"	"solution=(Intercept)=                NA;x=                NA; message=0 | list(c(NA, NA)) | list(c(NA, NA, NA, NA, NA, NA, NA, NA))"	"1"																	"s0a2-0224"
"oracle"	"binomial-core"	"mu_quasi_expanded"	"ROI_lpsolve_cone"	"sign_zero"	"(Intercept)"	"feasible"	"feasible"	"PASS"	"solution=(Intercept)=0;x=              0.25; message=1 | list(c(0, 0.25)) | list(c(1, 0, 0, 0, 0, 0, 0, 0, 0, 0, 0)) | list(objfrom = c(0, 0), objtill = c(1e+30, 1e+30)) | list(duals = c(0, 0, 0, 0, 0, 0, 0, 0, 0, 0), dualsfrom = c(-1e+30, -1e+30, -1e+30, -1e+30, -1e+30, -1e+30, 0, -1e+30, 0, -1e+30), dualstill = c(1e+30, 1e+30, 1e+30, 1e+30, 1e+30, 1e+30, 1e+30, 1e+30, 0, 1e+30)) | 1 | 0"	"0"	"0"	"0"															"s0a2-0225"
"oracle"	"binomial-core"	"mu_quasi_expanded"	"ROI_lpsolve_cone"	"sign_positive"	"(Intercept)"	"infeasible"	"infeasible"	"PASS"	"solution=(Intercept)=                NA;x=                NA; message=0 | list(c(NA, NA)) | list(c(NA, NA, NA, NA, NA, NA, NA, NA))"	"1"																	"s0a2-0226"
"oracle"	"binomial-core"	"mu_quasi_expanded"	"ROI_lpsolve_cone"	"coefficient_sign_feasibility"	"(Intercept)"	"negative=FALSE;zero=TRUE;positive=FALSE"	"negative=FALSE;zero=TRUE;positive=FALSE"	"PASS"																			"s0a2-0227"
"oracle"	"binomial-core"	"mu_quasi_expanded"	"ROI_lpsolve_cone"	"sign_negative"	"x"	"infeasible"	"infeasible"	"PASS"	"solution=(Intercept)=                NA;x=                NA; message=0 | list(c(NA, NA)) | list(c(NA, NA, NA, NA, NA, NA, NA, NA))"	"1"																	"s0a2-0228"
"oracle"	"binomial-core"	"mu_quasi_expanded"	"ROI_lpsolve_cone"	"sign_zero"	"x"	"infeasible"	"infeasible"	"PASS"	"solution=(Intercept)=                NA;x=                NA; message=0 | list(c(NA, NA)) | list(c(NA, NA, NA, NA, NA, NA, NA, NA))"	"1"																	"s0a2-0229"
"oracle"	"binomial-core"	"mu_quasi_expanded"	"ROI_lpsolve_cone"	"sign_positive"	"x"	"feasible"	"feasible"	"PASS"	"solution=(Intercept)=0;x=                 1; message=1 | list(c(0, 1)) | list(c(1, 0, 0, 0, 0, 0, 0, 0, 0, 0, 0)) | list(objfrom = c(0, 0), objtill = c(1e+30, 1e+30)) | list(duals = c(0, 0, 0, 0, 0, 0, 0, 0, 0, 0), dualsfrom = c(-1e+30, -1e+30, -1e+30, -1e+30, -1e+30, -1e+30, -1e+30, 0.25, 0, -1e+30), dualstill = c(1e+30, 1e+30, 1e+30, 1e+30, 1e+30, 1e+30, 1e+30, 1e+30, 0, 1e+30)) | 2 | 0"	"0"	"0"	"0"															"s0a2-0230"
"oracle"	"binomial-core"	"mu_quasi_expanded"	"ROI_lpsolve_cone"	"coefficient_sign_feasibility"	"x"	"negative=FALSE;zero=FALSE;positive=TRUE"	"negative=FALSE;zero=FALSE;positive=TRUE"	"PASS"																			"s0a2-0231"
"detector"	"binomial-core"	"mu_quasi_expanded"	"detectseparation"	"separation_class"		"quasi_complete"	"quasi_complete"	"PASS"															"TRUE"	"quasi_complete"			"s0a2-0232"
"detector"	"binomial-core"	"mu_quasi_expanded"	"detectseparation"	"coefficient_compatibility"	"(Intercept)"	"feasible_indicator"	"0 -> zero"	"PASS"															"TRUE"	"quasi_complete"			"s0a2-0233"
"detector"	"binomial-core"	"mu_quasi_expanded"	"detectseparation"	"coefficient_compatibility"	"x"	"feasible_indicator"	"Inf -> positive"	"PASS"															"TRUE"	"quasi_complete"			"s0a2-0234"
"gate"	"objective-rays"	"mu_quasi_expanded"	"drmTMB_compiled"	"parameter_mapping"		"all_true"	"length=TRUE;free_names=TRUE;coefficient_names=TRUE;par_list_values=TRUE"	"PASS"																			"s0a2-0235"
"objective"	"objective-rays"	"mu_quasi_expanded"	"drmTMB_compiled_vs_direct"	"objective_delta"		"<=1e-8"	"0"	"PASS"					"quasi_expanded"	"0"	"4.1588830833596715"	"4.1588830833596715"	"0"	"0"									"s0a2-0236"
"objective"	"objective-rays"	"mu_quasi_expanded"	"drmTMB_compiled_vs_direct"	"objective_delta"		"<=1e-8"	"0.00000000000000088817841970012523"	"PASS"					"quasi_expanded"	"0.5"	"3.2826022978403167"	"3.2826022978403175"	"-0.87628078551935484"	"-0.87628078551935396"									"s0a2-0237"
"objective"	"objective-rays"	"mu_quasi_expanded"	"drmTMB_compiled_vs_direct"	"objective_delta"		"<=1e-8"	"0.00000000000000044408920985006262"	"PASS"					"quasi_expanded"	"1"	" 2.639341111192782"	"2.6393411111927825"	"-1.5195419721668895"	"-1.519541972166889"									"s0a2-0238"
"objective"	"objective-rays"	"mu_quasi_expanded"	"drmTMB_compiled_vs_direct"	"objective_delta"		"<=1e-8"	"0.00000000000000044408920985006262"	"PASS"					"quasi_expanded"	"2"	"1.8940064052917811"	"1.8940064052917807"	"-2.2648766780678904"	"-2.2648766780678908"									"s0a2-0239"
"objective"	"objective-rays"	"mu_quasi_expanded"	"drmTMB_compiled_vs_direct"	"objective_delta"		"<=1e-8"	"0"	"PASS"					"quasi_expanded"	"4"	"1.4588940727911295"	"1.4588940727911295"	"-2.699989010568542"	"-2.699989010568542"									"s0a2-0240"
"objective"	"objective-rays"	"mu_quasi_expanded"	"drmTMB_compiled_vs_direct"	"objective_delta"		"<=1e-8"	"0"	"PASS"					"quasi_expanded"	"8"	"1.3876359866114736"	"1.3876359866114736"	"-2.7712470967481977"	"-2.7712470967481977"									"s0a2-0241"
"objective"	"objective-rays"	"mu_quasi_expanded"	"drmTMB_compiled_vs_direct"	"objective_delta"		"<=1e-8"	"0.00000000000000044408920985006262"	"PASS"					"quasi_expanded"	"16"	"1.3862948112605644"	" 1.386294811260564"	"-2.7725882720991071"	"-2.7725882720991075"									"s0a2-0242"
"gate"	"objective-rays"	"mu_quasi_expanded"	"drmTMB_compiled_vs_direct"	"ray_verdict"		"non_worsening_and_strict"	"max_compiled_step=-0.0013411753509096069; max_direct_step=-0.0013411753509091628; compiled_improvement=2.7725882720991075; direct_improvement=2.7725882720991071"	"PASS"					"quasi_expanded"														"s0a2-0243"
"gate"	"binomial-core"	"mu_quasi_grouped"	"base_qr"	"design_rank"		"full_rank"	"full_rank"	"PASS"	"rank=2; p=2"										"3"	"2"	"6"	"3"					"s0a2-0244"
"fit"	"binomial-core"	"mu_quasi_grouped"	"drmTMB_ML"	"coefficient"	"(Intercept)"		"-0.000000000000000022139477797021177"	"RECORDED"	"convergence=0; message=relative convergence (4); objective=0.69314718072643255; max_gradient=0.00000000016648736387776066; pdHess=TRUE"										"3"	"2"	"6"	"3"					"s0a2-0245"
"fit"	"binomial-core"	"mu_quasi_grouped"	"drmTMB_ML"	"coefficient"	"x"		"23.902396063092372"	"RECORDED"	"convergence=0; message=relative convergence (4); objective=0.69314718072643255; max_gradient=0.00000000016648736387776066; pdHess=TRUE"										"3"	"2"	"6"	"3"					"s0a2-0246"
"fit"	"binomial-core"	"mu_quasi_grouped"	"glm"	"coefficient"	"(Intercept)"		"-0.000000000000000085417015456453678"	"RECORDED"	"converged=TRUE; deviance=0.0000000003329749809141785"										"3"	"2"	"6"	"3"					"s0a2-0247"
"fit"	"binomial-core"	"mu_quasi_grouped"	"glm"	"coefficient"	"x"		"23.902396062925884"	"RECORDED"	"converged=TRUE; deviance=0.0000000003329749809141785"										"3"	"2"	"6"	"3"					"s0a2-0248"
"fit"	"binomial-core"	"mu_quasi_grouped"	"brglm2_mean_bias_reduction"	"fit"		"object"	"error"	"RETAINED_FAILURE"																		"unused argument (type = \"AS_mean\")"	"s0a2-0249"
"oracle"	"binomial-core"	"mu_quasi_grouped"	"ROI_lpsolve_cone"	"improving_cone"		"feasible"	"feasible"	"PASS"	"solution=(Intercept)=0;x=               0.5; B_source=1,3; E_source=2; message=1 | list(c(0, 0.5)) | list(c(1, 0, 0, 0, 0, 0, 0)) | list(objfrom = c(0, 0), objtill = c(1e+30, 1e+30)) | list(duals = c(0, 0, 0, 0, 0, 0), dualsfrom = c(-1e+30, -1e+30, -1e+30, 0, 0, -1e+30), dualstill = c(1e+30, 1e+30, 1e+30, 1e+30, 0, 1e+30)) | 1 | 0"	"0"	"0"	"0"							"3"	"2"							"s0a2-0250"
"oracle"	"binomial-core"	"mu_quasi_grouped"	"ROI_lpsolve_strict_margin"	"separation_class"		"quasi_complete"	"quasi_complete"	"PASS"	"delta=0; solution=0,0,0,0,0; message=1 | list(c(0, 0, 0, 0, 0)) | list(c(1, 0, 0, -0.5, -0.5, 0, 0, 0, 0, 0, 0, 0, 0)) | list(objfrom = c(-1e+30, -1e+30, -1e+30, -1e+30, -1e+30), objtill = c(0, 0, 0, 0, 1e+30)) | list(duals = c(0, 0, -0.5, -0.5, 0, 0, 0, 0, 0, 0, 0, 0), dualsfrom = c(0, -1e+30, 0, 0, -1e+30, -1e+30, -1e+30, 0, -1e+30, -1e+30, 0, -1e+30), dualstill = c(1, 1e+30, 0, 0, 1e+30, 1e+30, 1e+30, 0.5, 1e+30, 1e+30, 0.5, 1e+30)) | 3 | 0"	"0"	"0"	"0"															"s0a2-0251"
"oracle"	"binomial-core"	"mu_quasi_grouped"	"ROI_lpsolve_cone"	"sign_negative"	"(Intercept)"	"infeasible"	"infeasible"	"PASS"	"solution=(Intercept)=                NA;x=                NA; message=0 | list(c(NA, NA)) | list(c(NA, NA, NA, NA, NA))"	"1"																	"s0a2-0252"
"oracle"	"binomial-core"	"mu_quasi_grouped"	"ROI_lpsolve_cone"	"sign_zero"	"(Intercept)"	"feasible"	"feasible"	"PASS"	"solution=(Intercept)=0;x=               0.5; message=1 | list(c(0, 0.5)) | list(c(1, 0, 0, 0, 0, 0, 0, 0)) | list(objfrom = c(0, 0), objtill = c(1e+30, 1e+30)) | list(duals = c(0, 0, 0, 0, 0, 0, 0), dualsfrom = c(-1e+30, -1e+30, -1e+30, 0, -1e+30, 0, -1e+30), dualstill = c(1e+30, 1e+30, 1e+30, 1e+30, 1e+30, 0, 1e+30)) | 1 | 0"	"0"	"0"	"0"															"s0a2-0253"
"oracle"	"binomial-core"	"mu_quasi_grouped"	"ROI_lpsolve_cone"	"sign_positive"	"(Intercept)"	"infeasible"	"infeasible"	"PASS"	"solution=(Intercept)=                NA;x=                NA; message=0 | list(c(NA, NA)) | list(c(NA, NA, NA, NA, NA))"	"1"																	"s0a2-0254"
"oracle"	"binomial-core"	"mu_quasi_grouped"	"ROI_lpsolve_cone"	"coefficient_sign_feasibility"	"(Intercept)"	"negative=FALSE;zero=TRUE;positive=FALSE"	"negative=FALSE;zero=TRUE;positive=FALSE"	"PASS"																			"s0a2-0255"
"oracle"	"binomial-core"	"mu_quasi_grouped"	"ROI_lpsolve_cone"	"sign_negative"	"x"	"infeasible"	"infeasible"	"PASS"	"solution=(Intercept)=                NA;x=                NA; message=0 | list(c(NA, NA)) | list(c(NA, NA, NA, NA, NA))"	"1"																	"s0a2-0256"
"oracle"	"binomial-core"	"mu_quasi_grouped"	"ROI_lpsolve_cone"	"sign_zero"	"x"	"infeasible"	"infeasible"	"PASS"	"solution=(Intercept)=                NA;x=                NA; message=0 | list(c(NA, NA)) | list(c(NA, NA, NA, NA, NA))"	"1"																	"s0a2-0257"
"oracle"	"binomial-core"	"mu_quasi_grouped"	"ROI_lpsolve_cone"	"sign_positive"	"x"	"feasible"	"feasible"	"PASS"	"solution=(Intercept)=0;x=                 1; message=1 | list(c(0, 1)) | list(c(1, 0, 0, 0, 0, 0, 0, 0)) | list(objfrom = c(0, 0), objtill = c(1e+30, 1e+30)) | list(duals = c(0, 0, 0, 0, 0, 0, 0), dualsfrom = c(-1e+30, -1e+30, -1e+30, -1e+30, 0.5, 0, -1e+30), dualstill = c(1e+30, 1e+30, 1e+30, 1e+30, 1e+30, 0, 1e+30)) | 2 | 0"	"0"	"0"	"0"															"s0a2-0258"
"oracle"	"binomial-core"	"mu_quasi_grouped"	"ROI_lpsolve_cone"	"coefficient_sign_feasibility"	"x"	"negative=FALSE;zero=FALSE;positive=TRUE"	"negative=FALSE;zero=FALSE;positive=TRUE"	"PASS"																			"s0a2-0259"
"detector"	"binomial-core"	"mu_quasi_grouped"	"detectseparation"	"separation_class"		"quasi_complete"	"quasi_complete"	"PASS"															"TRUE"	"quasi_complete"			"s0a2-0260"
"detector"	"binomial-core"	"mu_quasi_grouped"	"detectseparation"	"coefficient_compatibility"	"(Intercept)"	"feasible_indicator"	"0 -> zero"	"PASS"															"TRUE"	"quasi_complete"			"s0a2-0261"
"detector"	"binomial-core"	"mu_quasi_grouped"	"detectseparation"	"coefficient_compatibility"	"x"	"feasible_indicator"	"Inf -> positive"	"PASS"															"TRUE"	"quasi_complete"			"s0a2-0262"
"gate"	"objective-rays"	"mu_quasi_grouped"	"drmTMB_compiled"	"parameter_mapping"		"all_true"	"length=TRUE;free_names=TRUE;coefficient_names=TRUE;par_list_values=TRUE"	"PASS"																			"s0a2-0263"
"objective"	"objective-rays"	"mu_quasi_grouped"	"drmTMB_compiled_vs_direct"	"objective_delta"		"<=1e-8"	"0"	"PASS"					"quasi_grouped"	"0"	" 3.465735902799727"	"3.4657359027997261"	"0"	"0"									"s0a2-0264"
"objective"	"objective-rays"	"mu_quasi_grouped"	"drmTMB_compiled_vs_direct"	"objective_delta"		"<=1e-8"	"0.00000000000000088817841970012523"	"PASS"					"quasi_grouped"	"0.5"	"2.5894551172803721"	"2.5894551172803721"	"-0.87628078551935484"	"-0.87628078551935396"									"s0a2-0265"
"objective"	"objective-rays"	"mu_quasi_grouped"	"drmTMB_compiled_vs_direct"	"objective_delta"		"<=1e-8"	"0.00000000000000088817841970012523"	"PASS"					"quasi_grouped"	"1"	"1.9461939306328366"	"1.9461939306328366"	"-1.5195419721668904"	"-1.5195419721668895"									"s0a2-0266"
"objective"	"objective-rays"	"mu_quasi_grouped"	"drmTMB_compiled_vs_direct"	"objective_delta"		"<=1e-8"	"0.00000000000000044408920985006262"	"PASS"					"quasi_grouped"	"2"	"1.2008592247318357"	"1.2008592247318353"	"-2.2648766780678913"	"-2.2648766780678908"									"s0a2-0267"
"objective"	"objective-rays"	"mu_quasi_grouped"	"drmTMB_compiled_vs_direct"	"objective_delta"		"<=1e-8"	"0.00000000000000088817841970012523"	"PASS"					"quasi_grouped"	"4"	"0.76574689223118431"	"0.7657468922311842"	"-2.6999890105685429"	"-2.699989010568542"									"s0a2-0268"
"objective"	"objective-rays"	"mu_quasi_grouped"	"drmTMB_compiled_vs_direct"	"objective_delta"		"<=1e-8"	"0.00000000000000088817841970012523"	"PASS"					"quasi_grouped"	"8"	"0.69448880605152818"	"0.6944888060515283"	"-2.7712470967481986"	"-2.7712470967481977"									"s0a2-0269"
"objective"	"objective-rays"	"mu_quasi_grouped"	"drmTMB_compiled_vs_direct"	"objective_delta"		"<=1e-8"	"0.00000000000000088817841970012523"	"PASS"					"quasi_grouped"	"16"	"0.69314763070061902"	"0.69314763070061891"	"-2.772588272099108"	"-2.7725882720991071"									"s0a2-0270"
"gate"	"objective-rays"	"mu_quasi_grouped"	"drmTMB_compiled_vs_direct"	"ray_verdict"		"non_worsening_and_strict"	"max_compiled_step=-0.0013411753509093849; max_direct_step=-0.0013411753509091628; compiled_improvement=2.7725882720991071; direct_improvement= 2.772588272099108"	"PASS"					"quasi_grouped"														"s0a2-0271"
"gate"	"binomial-core"	"rank_deficient_control"	"base_qr"	"design_rank"		"rank_deficient"	"rank_deficient"	"PASS"	"rank=2; p=3"										"6"	"3"	"6"	"6"					"s0a2-0272"
"fit"	"binomial-core"	"rank_deficient_control"	"drmTMB_ML"	"coefficient"	"(Intercept)"		"0"	"RECORDED"	"convergence=0; message=both X-convergence and relative convergence (5); objective=4.1588830833596715; max_gradient=0; pdHess=FALSE"										"6"	"3"	"6"	"6"			"NaNs produced | NA"		"s0a2-0273"
"fit"	"binomial-core"	"rank_deficient_control"	"drmTMB_ML"	"coefficient"	"x"		"0"	"RECORDED"	"convergence=0; message=both X-convergence and relative convergence (5); objective=4.1588830833596715; max_gradient=0; pdHess=FALSE"										"6"	"3"	"6"	"6"			"NaNs produced | NA"		"s0a2-0274"
"fit"	"binomial-core"	"rank_deficient_control"	"drmTMB_ML"	"coefficient"	"twox"		"0"	"RECORDED"	"convergence=0; message=both X-convergence and relative convergence (5); objective=4.1588830833596715; max_gradient=0; pdHess=FALSE"										"6"	"3"	"6"	"6"			"NaNs produced | NA"		"s0a2-0275"
"fit"	"binomial-core"	"rank_deficient_control"	"glm"	"coefficient"	"(Intercept)"		"0.000000000000000036950792562241366"	"RECORDED"	"converged=TRUE; deviance= 8.317766166719343"										"6"	"3"	"6"	"6"					"s0a2-0276"
"fit"	"binomial-core"	"rank_deficient_control"	"glm"	"coefficient"	"x"		"0.000000000000000028549731614571176"	"RECORDED"	"converged=TRUE; deviance= 8.317766166719343"										"6"	"3"	"6"	"6"					"s0a2-0277"
"fit"	"binomial-core"	"rank_deficient_control"	"glm"	"coefficient"	"twox"			"RECORDED"	"converged=TRUE; deviance= 8.317766166719343"										"6"	"3"	"6"	"6"					"s0a2-0278"
"fit"	"binomial-core"	"rank_deficient_control"	"brglm2_mean_bias_reduction"	"fit"		"object"	"error"	"RETAINED_FAILURE"																		"unused argument (type = \"AS_mean\")"	"s0a2-0279"
"gate"	"binomial-core"	"rank_deficient_control"	"harness"	"separation_not_run"		"not_run"	"not_run"	"PASS"																			"s0a2-0280"
"gate"	"binomial-core"	"all_core"	"harness"	"core_verdict"		"PASS"	"FAIL"	"FAIL"	"=FALSE;=TRUE;=TRUE;=TRUE;=TRUE;=TRUE;=TRUE;=TRUE;=TRUE;=TRUE"																		"s0a2-0281"
"gate"	"exact-row-controls"	"all_controls"	"harness"	"controls_verdict"		"not_run_after_core_failure"	"not_run_after_core_failure"	"PASS"																			"s0a2-0282"
"gate"	"binomial-s0a2"	"programme"	"harness"	"s0a2_verdict"		"PASS"	"FAIL"	"FAIL"	"STOP after binomial S0-A2; hurdle and S1 are not authorized"																		"s0a2-0283"
